[Licensing::Module] Trying to connect to existing licensing client channel...
Built from '6000.2/staging' branch; Version is '6000.2.12f1 (e89d5df0e333) revision 15244637'; Using compiler version '194234433'; Build Type 'Release'
OS: 'Windows 11  (10.0.26100) 64bit Core' Language: 'en' Physical Memory: 15942 MB
BatchMode: 1, IsHumanControllingUs: 0, StartBugReporterOnCrash: 0, Is64bit: 1
Date: 2025-12-02T12:19:58Z
[Licensing::IpcConnector] Successfully connected to: "LicenseClient-assel" at "2025-12-02T12:19:58.0157225Z"

COMMAND LINE ARGUMENTS:
C:\Program Files\Unity\Hub\Editor\6000.2.12f1\Editor\Unity.exe
-adb2
-batchMode
-noUpm
-name
AssetImportWorker2
-projectPath
C:/Users/assel/skuska
-logFile
Logs/AssetImportWorker2.log
-srvPort
51994
-job-worker-count
5
-background-job-worker-count
8
-gc-helper-count
1
-name
AssetImport
Successfully changed project path to: C:/Users/assel/skuska
C:/Users/assel/skuska
[UnityMemory] Configuration Parameters - Can be set up in boot.config
    "memorysetup-allocator-temp-initial-block-size-main=262144"
    "memorysetup-allocator-temp-initial-block-size-worker=262144"
    "memorysetup-bucket-allocator-granularity=16"
    "memorysetup-bucket-allocator-bucket-count=8"
    "memorysetup-bucket-allocator-block-size=33554432"
    "memorysetup-bucket-allocator-block-count=8"
    "memorysetup-main-allocator-block-size=16777216"
    "memorysetup-thread-allocator-block-size=16777216"
    "memorysetup-gfx-main-allocator-block-size=16777216"
    "memorysetup-gfx-thread-allocator-block-size=16777216"
    "memorysetup-cache-allocator-block-size=4194304"
    "memorysetup-typetree-allocator-block-size=2097152"
    "memorysetup-profiler-bucket-allocator-granularity=16"
    "memorysetup-profiler-bucket-allocator-bucket-count=8"
    "memorysetup-profiler-bucket-allocator-block-size=33554432"
    "memorysetup-profiler-bucket-allocator-block-count=8"
    "memorysetup-profiler-allocator-block-size=16777216"
    "memorysetup-profiler-editor-allocator-block-size=1048576"
    "memorysetup-temp-allocator-size-main=16777216"
    "memorysetup-job-temp-allocator-block-size=2097152"
    "memorysetup-job-temp-allocator-block-size-background=1048576"
    "memorysetup-job-temp-allocator-reduction-small-platforms=262144"
    "memorysetup-temp-allocator-size-background-worker=32768"
    "memorysetup-temp-allocator-size-job-worker=262144"
    "memorysetup-temp-allocator-size-preload-manager=33554432"
    "memorysetup-temp-allocator-size-nav-mesh-worker=65536"
    "memorysetup-temp-allocator-size-audio-worker=65536"
    "memorysetup-temp-allocator-size-cloud-worker=32768"
    "memorysetup-temp-allocator-size-gi-baking-worker=262144"
    "memorysetup-temp-allocator-size-gi-baking-worker=262144"
    "memorysetup-temp-allocator-size-gi-baking-worker=262144"
    "memorysetup-temp-allocator-size-gi-baking-worker=262144"
    "memorysetup-temp-allocator-size-gi-baking-worker=262144"
    "memorysetup-temp-allocator-size-gfx=262144"
Player connection [38740]  Target information:

Player connection [38740]  * "[IP] 192.168.1.3 [Port] 0 [Flags] 2 [Guid] 1025287318 [EditorId] 1025287318 [Version] 1048832 [Id] WindowsEditor(7,ASSEL) [Debug] 1 [PackageName] WindowsEditor [ProjectName] Editor" 

Player connection [38740]  * "[IP] 10.10.30.95 [Port] 0 [Flags] 2 [Guid] 1025287318 [EditorId] 1025287318 [Version] 1048832 [Id] WindowsEditor(7,ASSEL) [Debug] 1 [PackageName] WindowsEditor [ProjectName] Editor" 

Player connection [38740] Host joined multi-casting on [225.0.0.222:54997]...
Player connection [38740] Host joined alternative multi-casting on [225.0.0.222:34997]...
JobSystem: Creating JobQueue using job-worker-count value 5
Input System module state changed to: Initialized.
[Physics::Module] Initialized fallback backend.
[Physics::Module] Id: 0xdecafbad
Library Redirect Path: Library/
[Physics::Module] Selected backend.
[Physics::Module] Name: PhysX
[Physics::Module] Id: 0xf2b8ea05
[Physics::Module] SDK Version: 4.1.2
[Physics::Module] Integration Version: 1.0.0
[Physics::Module] Threading Mode: Multi-Threaded
Refreshing native plugins compatible for Editor in 14.73 ms, found 3 plugins.
Preloading 0 native plugins for Editor in 0.00 ms.
Initialize engine version: 6000.2.12f1 (e89d5df0e333)
[Subsystems] Discovering subsystems at path C:/Program Files/Unity/Hub/Editor/6000.2.12f1/Editor/Data/Resources/UnitySubsystems
[Subsystems] Discovering subsystems at path C:/Users/assel/skuska/Assets
GfxDevice: creating device client; kGfxThreadingModeNonThreaded
Direct3D:
    Version:  Direct3D 11.0 [level 11.1]
    Renderer: Intel(R) Iris(R) Xe Graphics (ID=0x46a8)
    Vendor:   Intel
    VRAM:     7971 MB
    Driver:   31.0.101.5333
Initialize mono
Mono path[0] = 'C:/Program Files/Unity/Hub/Editor/6000.2.12f1/Editor/Data/Managed'
Mono path[1] = 'C:/Program Files/Unity/Hub/Editor/6000.2.12f1/Editor/Data/MonoBleedingEdge/lib/mono/unityjit-win32'
Mono config path = 'C:/Program Files/Unity/Hub/Editor/6000.2.12f1/Editor/Data/MonoBleedingEdge/etc'
Using monoOptions --debugger-agent=transport=dt_socket,embedding=1,server=y,suspend=n,address=127.0.0.1:56580
Begin MonoManager ReloadAssembly
Registering precompiled unity dll's ...
Register platform support module: C:/Program Files/Unity/Hub/Editor/6000.2.12f1/Editor/Data/PlaybackEngines/WindowsStandaloneSupport/UnityEditor.WindowsStandalone.Extensions.dll
[Licensing::Module] Licensing is not yet initialized.
[Licensing::Client] Error: HandshakeResponse reported an error:
	ResponseCode: 505
	ResponseStatus: Unsupported protocol version '1.17.4'.
[Licensing::Module] Error: Failed to handshake to channel: "LicenseClient-assel"
[Licensing::IpcConnector] LicenseClient-assel channel disconnected successfully.
[Licensing::IpcConnector] Successfully connected to: "LicenseClient-assel-6000.2.12" at "2025-12-02T12:20:01.1475386Z"
[Licensing::Client] Handshaking with LicensingClient:
  Version:                 1.17.4+4293ba1
  Session Id:              05a80e56d17342f58a95e8a93b86ec18
  Correlation Id:          7ea788e771f1b0e8de18aab6f5011f5f
  External correlation Id: 3872468439418773260
  Machine Id:              06lnmavVSsKsGiaawoDn6YYoI+U=
[Licensing::Module] Successfully connected to LicensingClient on channel: "LicenseClient-assel-6000.2.12" (connect: 0.00s, validation: 0.00s, handshake: 3.04s)
[Licensing::IpcConnector] Successfully connected to: "LicenseClient-assel-6000.2.12-notifications" at "2025-12-02T12:20:04.1896051Z"
[Licensing::Module] Licensing Background thread has ended after 6.18s
[Licensing::Module] Licensing is initialized (took 4.86s).
[Licensing::Client] Successfully resolved entitlement details
[Licensing::Module] License group:
  Id: 7972514418693-assel_syzdykova-UnityProStuXXXX
  Product: Unity Student
  Type: Assigned
  Expiration: 2026-11-16T12:54:31Z
Register platform support module: C:/Program Files/Unity/Hub/Editor/6000.2.12f1/Editor/Data/PlaybackEngines/MetroSupport/UnityEditor.UWP.Extensions.dll
[Licensing::Client] Successfully resolved entitlement details
Register platform support module: C:/Program Files/Unity/Hub/Editor/6000.2.12f1/Editor/Data/PlaybackEngines/AndroidPlayer/UnityEditor.Android.Extensions.dll
Registered in 4.889678 seconds.
- Loaded All Assemblies, in  5.920 seconds
Native extension for Android target not found
Android Extension - Scanning For ADB Devices 770 ms
Native extension for UWP target not found
Native extension for WindowsStandalone target not found
Mono: successfully reloaded assembly
- Finished resetting the current domain, in  1.672 seconds
Domain Reload Profiling: 7583ms
	BeginReloadAssembly (428ms)
		ExecutionOrderSort (0ms)
		DisableScriptedObjects (0ms)
		BackupInstance (0ms)
		ReleaseScriptingObjects (0ms)
		CreateAndSetChildDomain (1ms)
	RebuildCommonClasses (71ms)
	RebuildNativeTypeToScriptingClass (25ms)
	initialDomainReloadingComplete (5031ms)
	LoadAllAssembliesAndSetupDomain (356ms)
		LoadAssemblies (427ms)
		RebuildTransferFunctionScriptingTraits (0ms)
		AnalyzeDomain (344ms)
			TypeCache.Refresh (341ms)
				TypeCache.ScanAssembly (316ms)
			BuildScriptInfoCaches (0ms)
			ResolveRequiredComponents (1ms)
	FinalizeReload (1672ms)
		ReleaseScriptCaches (0ms)
		RebuildScriptCaches (0ms)
		SetupLoadedEditorAssemblies (1567ms)
			LogAssemblyErrors (0ms)
			InitializePlatformSupportModulesInManaged (1086ms)
			SetLoadedEditorAssemblies (8ms)
			BeforeProcessingInitializeOnLoad (129ms)
			ProcessInitializeOnLoadAttributes (235ms)
			ProcessInitializeOnLoadMethodAttributes (109ms)
			AfterProcessingInitializeOnLoad (0ms)
			EditorAssembliesLoaded (0ms)
		ExecutionOrderSort2 (0ms)
		AwakeInstancesAfterBackupRestoration (0ms)
========================================================================
Worker process is ready to serve import requests
Import Worker Mode flag is 0x00
Begin MonoManager ReloadAssembly
[Licensing::Client] Successfully resolved entitlement details
- Loaded All Assemblies, in  1.420 seconds
Refreshing native plugins compatible for Editor in 1.29 ms, found 3 plugins.
Native extension for Android target not found
Native extension for UWP target not found
Native extension for WindowsStandalone target not found
Package Manager log level set to [2]
[Package Manager] Failed to launch server process. Reason: Unity was launched with the -noUpm command-line argument
[Package Manager] Unable to send message (not connected to server process).
[Package Manager] Cannot connect to Unity Package Manager local server
Mono: successfully reloaded assembly
- Finished resetting the current domain, in  1.052 seconds
Domain Reload Profiling: 2462ms
	BeginReloadAssembly (288ms)
		ExecutionOrderSort (0ms)
		DisableScriptedObjects (7ms)
		BackupInstance (0ms)
		ReleaseScriptingObjects (0ms)
		CreateAndSetChildDomain (51ms)
	RebuildCommonClasses (52ms)
	RebuildNativeTypeToScriptingClass (14ms)
	initialDomainReloadingComplete (86ms)
	LoadAllAssembliesAndSetupDomain (969ms)
		LoadAssemblies (770ms)
		RebuildTransferFunctionScriptingTraits (0ms)
		AnalyzeDomain (343ms)
			TypeCache.Refresh (267ms)
				TypeCache.ScanAssembly (248ms)
			BuildScriptInfoCaches (58ms)
			ResolveRequiredComponents (13ms)
	FinalizeReload (1053ms)
		ReleaseScriptCaches (0ms)
		RebuildScriptCaches (0ms)
		SetupLoadedEditorAssemblies (730ms)
			LogAssemblyErrors (0ms)
			InitializePlatformSupportModulesInManaged (35ms)
			SetLoadedEditorAssemblies (5ms)
			BeforeProcessingInitializeOnLoad (161ms)
			ProcessInitializeOnLoadAttributes (448ms)
			ProcessInitializeOnLoadMethodAttributes (73ms)
			AfterProcessingInitializeOnLoad (8ms)
			EditorAssembliesLoaded (0ms)
		ExecutionOrderSort2 (0ms)
		AwakeInstancesAfterBackupRestoration (10ms)
Launched and connected shader compiler UnityShaderCompiler.exe after 0.04 seconds
Refreshing native plugins compatible for Editor in 1.53 ms, found 3 plugins.
Preloading 0 native plugins for Editor in 0.00 ms.
Unloading 14 Unused Serialized files (Serialized files now loaded: 0)
Unloading 6126 unused Assets / (4.6 MB). Loaded Objects now: 6842.
Memory consumption went from 136.7 MB to 132.1 MB.
Total: 10.048700 ms (FindLiveObjects: 0.637600 ms CreateObjectMapping: 0.776900 ms MarkObjects: 5.500000 ms  DeleteObjects: 3.131000 ms)

========================================================================
Received Prepare
Begin MonoManager ReloadAssembly
[Licensing::Client] Successfully resolved entitlement details
- Loaded All Assemblies, in  1.450 seconds
Refreshing native plugins compatible for Editor in 3.16 ms, found 3 plugins.
Native extension for Android target not found
Native extension for UWP target not found
Native extension for WindowsStandalone target not found
[Package Manager] Failed to launch server process. Reason: Unity was launched with the -noUpm command-line argument
[Package Manager] Unable to send message (not connected to server process).
[Package Manager] Cannot connect to Unity Package Manager local server
Mono: successfully reloaded assembly
- Finished resetting the current domain, in  1.409 seconds
Domain Reload Profiling: 2835ms
	BeginReloadAssembly (400ms)
		ExecutionOrderSort (0ms)
		DisableScriptedObjects (8ms)
		BackupInstance (0ms)
		ReleaseScriptingObjects (0ms)
		CreateAndSetChildDomain (81ms)
	RebuildCommonClasses (56ms)
	RebuildNativeTypeToScriptingClass (20ms)
	initialDomainReloadingComplete (119ms)
	LoadAllAssembliesAndSetupDomain (829ms)
		LoadAssemblies (704ms)
		RebuildTransferFunctionScriptingTraits (0ms)
		AnalyzeDomain (319ms)
			TypeCache.Refresh (11ms)
				TypeCache.ScanAssembly (0ms)
			BuildScriptInfoCaches (288ms)
			ResolveRequiredComponents (15ms)
	FinalizeReload (1410ms)
		ReleaseScriptCaches (0ms)
		RebuildScriptCaches (0ms)
		SetupLoadedEditorAssemblies (997ms)
			LogAssemblyErrors (0ms)
			InitializePlatformSupportModulesInManaged (36ms)
			SetLoadedEditorAssemblies (13ms)
			BeforeProcessingInitializeOnLoad (270ms)
			ProcessInitializeOnLoadAttributes (568ms)
			ProcessInitializeOnLoadMethodAttributes (100ms)
			AfterProcessingInitializeOnLoad (10ms)
			EditorAssembliesLoaded (0ms)
		ExecutionOrderSort2 (0ms)
		AwakeInstancesAfterBackupRestoration (25ms)
Refreshing native plugins compatible for Editor in 3.01 ms, found 3 plugins.
Preloading 0 native plugins for Editor in 0.00 ms.
Unloading 14 Unused Serialized files (Serialized files now loaded: 0)
Unloading 6124 unused Assets / (4.7 MB). Loaded Objects now: 6860.
Memory consumption went from 141.5 MB to 136.8 MB.
Total: 10.535100 ms (FindLiveObjects: 0.745400 ms CreateObjectMapping: 0.809900 ms MarkObjects: 5.633600 ms  DeleteObjects: 3.344200 ms)

Prepare: number of updated asset objects reloaded= 0
========================================================================
Received Import Request.
  Time since last request: 73531.988960 seconds.
  path: Assets/Realistic Tree
  artifactKey: Guid(1078526ee747b7b4bbba946437dbd36b) Importer(815301076,1909f56bfc062723c751e8b465ee728b)
Start importing Assets/Realistic Tree using Guid(1078526ee747b7b4bbba946437dbd36b) Importer(815301076,1909f56bfc062723c751e8b465ee728b) (PreviewImporter) -> (artifact id: '47f3f024a55b60a6248cd72921981086') in 0.0155731 seconds
Number of updated asset objects reloaded before import = 0Number of asset objects unloaded after import = 0

========================================================================
Received Import Request.
  Time since last request: 2.397843 seconds.
  path: Assets/Realistic Tree/Prefabs
  artifactKey: Guid(a7423a6760ae2b144b40df1e985da875) Importer(815301076,1909f56bfc062723c751e8b465ee728b)
Start importing Assets/Realistic Tree/Prefabs using Guid(a7423a6760ae2b144b40df1e985da875) Importer(815301076,1909f56bfc062723c751e8b465ee728b) (PreviewImporter) -> (artifact id: 'cea4511d1b96b1aa07200afa0e57b319') in 0.0016248 seconds
Number of updated asset objects reloaded before import = 0Number of asset objects unloaded after import = 0

========================================================================
Received Import Request.
  Time since last request: 2.149785 seconds.
  path: Assets/Realistic Tree/Prefabs/Standard
  artifactKey: Guid(71b6250183b26934f8ff24c69196120e) Importer(815301076,1909f56bfc062723c751e8b465ee728b)
Start importing Assets/Realistic Tree/Prefabs/Standard using Guid(71b6250183b26934f8ff24c69196120e) Importer(815301076,1909f56bfc062723c751e8b465ee728b) (PreviewImporter) -> (artifact id: '56f52403e31eaa8b79cd90dd4b26fc14') in 0.0010785 seconds
Number of updated asset objects reloaded before import = 0Number of asset objects unloaded after import = 0

========================================================================
Received Import Request.
  Time since last request: 2.839570 seconds.
  path: Assets/Realistic Tree/Prefabs/Standard/Ash
  artifactKey: Guid(233d98529ed8c284a9c3f6e3e2696cbb) Importer(815301076,1909f56bfc062723c751e8b465ee728b)
Start importing Assets/Realistic Tree/Prefabs/Standard/Ash using Guid(233d98529ed8c284a9c3f6e3e2696cbb) Importer(815301076,1909f56bfc062723c751e8b465ee728b) (PreviewImporter) -> (artifact id: '6d23ab7aa8052b4676dff076ddc043b2') in 0.0011654 seconds
Number of updated asset objects reloaded before import = 0Number of asset objects unloaded after import = 0

========================================================================
Received Import Request.
  Time since last request: 0.000032 seconds.
  path: Assets/Realistic Tree/Prefabs/Standard/Ash/Ash 1.prefab
  artifactKey: Guid(b705299bf721f4a4083e5c4f318c85f7) Importer(815301076,1909f56bfc062723c751e8b465ee728b)
Start importing Assets/Realistic Tree/Prefabs/Standard/Ash/Ash 1.prefab using Guid(b705299bf721f4a4083e5c4f318c85f7) Importer(815301076,1909f56bfc062723c751e8b465ee728b) (PreviewImporter) -> (artifact id: 'b2c980bbb3802cfb9d2558fce994d7b2') in 1.1496662 seconds
Number of updated asset objects reloaded before import = 0Number of asset objects unloaded after import = 132

========================================================================
Received Import Request.
  Time since last request: 0.000102 seconds.
  path: Assets/Realistic Tree/Prefabs/Standard/Ash/Ash 4.prefab
  artifactKey: Guid(02e5b605b92bdf5458f2d187bfb0f60a) Importer(815301076,1909f56bfc062723c751e8b465ee728b)
Start importing Assets/Realistic Tree/Prefabs/Standard/Ash/Ash 4.prefab using Guid(02e5b605b92bdf5458f2d187bfb0f60a) Importer(815301076,1909f56bfc062723c751e8b465ee728b) (PreviewImporter) -> (artifact id: 'b96ebdea0fcead99e275a61f42dcdf5a') in 0.0676772 seconds
Number of updated asset objects reloaded before import = 0Number of asset objects unloaded after import = 132

========================================================================
Received Import Request.
  Time since last request: 0.000045 seconds.
  path: Assets/Realistic Tree/Prefabs/Standard/Ash/Ash 3.prefab
  artifactKey: Guid(d289eea73b9410848b0b877f1076a27b) Importer(815301076,1909f56bfc062723c751e8b465ee728b)
Start importing Assets/Realistic Tree/Prefabs/Standard/Ash/Ash 3.prefab using Guid(d289eea73b9410848b0b877f1076a27b) Importer(815301076,1909f56bfc062723c751e8b465ee728b) (PreviewImporter) -> (artifact id: 'f17c743c09fc87171d593c6a70924b68') in 0.0585692 seconds
Number of updated asset objects reloaded before import = 0Number of asset objects unloaded after import = 132

========================================================================
Received Import Request.
  Time since last request: 0.000049 seconds.
  path: Assets/Realistic Tree/Prefabs/Standard/Ash/Ash 7.prefab
  artifactKey: Guid(e068dda4a5bb1b040b4492d6d560ba31) Importer(815301076,1909f56bfc062723c751e8b465ee728b)
Start importing Assets/Realistic Tree/Prefabs/Standard/Ash/Ash 7.prefab using Guid(e068dda4a5bb1b040b4492d6d560ba31) Importer(815301076,1909f56bfc062723c751e8b465ee728b) (PreviewImporter) -> (artifact id: '69ccade82e8305d2f1a8448cdc9e6968') in 0.0693554 seconds
Number of updated asset objects reloaded before import = 0Number of asset objects unloaded after import = 132

========================================================================
Received Import Request.
  Time since last request: 16.912621 seconds.
  path: Assets/Realistic Tree/Prefabs/HDRP/Ash/Ash 1.prefab
  artifactKey: Guid(64df991afecf1ea40b853b2e1cabf4df) Importer(815301076,1909f56bfc062723c751e8b465ee728b)
Start importing Assets/Realistic Tree/Prefabs/HDRP/Ash/Ash 1.prefab using Guid(64df991afecf1ea40b853b2e1cabf4df) Importer(815301076,1909f56bfc062723c751e8b465ee728b) (PreviewImporter) -> (artifact id: '29bfda050e1c927fdb7359211cda7aa4') in 0.0964244 seconds
Number of updated asset objects reloaded before import = 0Number of asset objects unloaded after import = 136

========================================================================
Received Import Request.
  Time since last request: 0.000045 seconds.
  path: Assets/Realistic Tree/Prefabs/HDRP/Ash/Ash 3.prefab
  artifactKey: Guid(82da597bc81c78d4fb8b54d163b5a162) Importer(815301076,1909f56bfc062723c751e8b465ee728b)
Start importing Assets/Realistic Tree/Prefabs/HDRP/Ash/Ash 3.prefab using Guid(82da597bc81c78d4fb8b54d163b5a162) Importer(815301076,1909f56bfc062723c751e8b465ee728b) (PreviewImporter) -> (artifact id: 'f7dbbc03a971537470a277643ff5a518') in 0.0802685 seconds
Number of updated asset objects reloaded before import = 0Number of asset objects unloaded after import = 135

========================================================================
Received Import Request.
  Time since last request: 0.000068 seconds.
  path: Assets/Realistic Tree/Prefabs/URP/Ash/Ash 2.prefab
  artifactKey: Guid(632cb5ba8e6554c4d895ced6ffb22702) Importer(815301076,1909f56bfc062723c751e8b465ee728b)
Start importing Assets/Realistic Tree/Prefabs/URP/Ash/Ash 2.prefab using Guid(632cb5ba8e6554c4d895ced6ffb22702) Importer(815301076,1909f56bfc062723c751e8b465ee728b) (PreviewImporter) -> (artifact id: '51dcc85e672b0997c65a72615dd26da4') in 16.6556084 seconds
Number of updated asset objects reloaded before import = 0Number of asset objects unloaded after import = 147

========================================================================
Received Import Request.
  Time since last request: 55.656853 seconds.
  path: Assets/Realistic Tree/Prefabs/Standard/Ash/Ash 1.prefab
  artifactKey: Guid(b705299bf721f4a4083e5c4f318c85f7) Importer(815301076,1909f56bfc062723c751e8b465ee728b)
Start importing Assets/Realistic Tree/Prefabs/Standard/Ash/Ash 1.prefab using Guid(b705299bf721f4a4083e5c4f318c85f7) Importer(815301076,1909f56bfc062723c751e8b465ee728b) (PreviewImporter) -> (artifact id: '9b7c2dc31ad8f8ced6752572cf3095e0') in 5.6639836 seconds
Number of updated asset objects reloaded before import = 0Number of asset objects unloaded after import = 132

========================================================================
Received Import Request.
  Time since last request: 0.000065 seconds.
  path: Assets/Realistic Tree/Prefabs/Standard/Ash/Ash 5.prefab
  artifactKey: Guid(792408f9ce579c64d988399cc6f8d36d) Importer(815301076,1909f56bfc062723c751e8b465ee728b)
Start importing Assets/Realistic Tree/Prefabs/Standard/Ash/Ash 5.prefab using Guid(792408f9ce579c64d988399cc6f8d36d) Importer(815301076,1909f56bfc062723c751e8b465ee728b) (PreviewImporter) -> (artifact id: '0792bf7b887e4d33677ab85bd73acc96') in 0.0841046 seconds
Number of updated asset objects reloaded before import = 0Number of asset objects unloaded after import = 132

========================================================================
Received Import Request.
  Time since last request: 0.000079 seconds.
  path: Assets/Realistic Tree/Prefabs/Standard/Ash/Ash 8.prefab
  artifactKey: Guid(886e7c2dac95cff449facd13d0775147) Importer(815301076,1909f56bfc062723c751e8b465ee728b)
Start importing Assets/Realistic Tree/Prefabs/Standard/Ash/Ash 8.prefab using Guid(886e7c2dac95cff449facd13d0775147) Importer(815301076,1909f56bfc062723c751e8b465ee728b) (PreviewImporter) -> (artifact id: '3012b8401eaf2bd0c69dbcc5d3146571') in 0.0753279 seconds
Number of updated asset objects reloaded before import = 0Number of asset objects unloaded after import = 132

========================================================================
Received Import Request.
  Time since last request: 8.676074 seconds.
  path: Assets/Realistic Tree/Prefabs/HDRP/Ash/Ash 4.prefab
  artifactKey: Guid(df408d754fe2de341be77e8577932035) Importer(815301076,1909f56bfc062723c751e8b465ee728b)
Start importing Assets/Realistic Tree/Prefabs/HDRP/Ash/Ash 4.prefab using Guid(df408d754fe2de341be77e8577932035) Importer(815301076,1909f56bfc062723c751e8b465ee728b) (PreviewImporter) -> (artifact id: '57a09474a7ece3bd6b2168578c0a88b9') in 0.0868755 seconds
Number of updated asset objects reloaded before import = 0Number of asset objects unloaded after import = 135

========================================================================
Received Import Request.
  Time since last request: 0.000043 seconds.
  path: Assets/Realistic Tree/Prefabs/HDRP/Ash/Ash 7.prefab
  artifactKey: Guid(01914bcafa4cf2949b0740d6f03f86ff) Importer(815301076,1909f56bfc062723c751e8b465ee728b)
Start importing Assets/Realistic Tree/Prefabs/HDRP/Ash/Ash 7.prefab using Guid(01914bcafa4cf2949b0740d6f03f86ff) Importer(815301076,1909f56bfc062723c751e8b465ee728b) (PreviewImporter) -> (artifact id: '658c7de560cbd8b684348971bc002c3b') in 0.0740561 seconds
Number of updated asset objects reloaded before import = 0Number of asset objects unloaded after import = 135

========================================================================
Received Import Request.
  Time since last request: 29.904291 seconds.
  path: Assets/Realistic Tree/Source/Materials/HDRP/Falling Leaves/Ash_Single.mat
  artifactKey: Guid(4f2e54b7c4326924ab24f93c82988f90) Importer(815301076,1909f56bfc062723c751e8b465ee728b)
Start importing Assets/Realistic Tree/Source/Materials/HDRP/Falling Leaves/Ash_Single.mat using Guid(4f2e54b7c4326924ab24f93c82988f90) Importer(815301076,1909f56bfc062723c751e8b465ee728b) (PreviewImporter) -> (artifact id: '84f35da145347f92c2ee8a2c7df11636') in 0.0614889 seconds
Number of updated asset objects reloaded before import = 0Number of asset objects unloaded after import = 2

========================================================================
Received Import Request.
  Time since last request: 54.283211 seconds.
  path: Assets/New Terrain 1.asset
  artifactKey: Guid(65df4190bba2dbd44ae3210bfe7a9795) Importer(2089858483,3d70f49cd1c2eb9ae422958d1c652c6b)
Start importing Assets/New Terrain 1.asset using Guid(65df4190bba2dbd44ae3210bfe7a9795) Importer(2089858483,3d70f49cd1c2eb9ae422958d1c652c6b) (ScriptedImporter)The tree Ash 1 couldn't be instanced because the prefab contains no valid mesh renderer.
UnityEngine.Debug:ExtractStackTraceNoAlloc (byte*,int,string)
UnityEngine.StackTraceUtility:ExtractStackTrace ()
UnityEditor.AssetDatabase:LoadMainAssetAtPath (string)
UnityEditor.Search.AssetIndexer:IndexProperties (int&,string&,bool&)
UnityEditor.Search.AssetIndexer:IndexDocument (string,bool)
UnityEditor.Search.SearchIndexEntryImporter:OnImportAsset (UnityEditor.AssetImporters.AssetImportContext)
UnityEditor.AssetImporters.ScriptedImporter:GenerateAssetData (UnityEditor.AssetImporters.AssetImportContext)

[C:\build\output\unity\unity\Modules\Terrain\Public\TreeDatabase.cpp line 355]

 -> (artifact id: 'a3bdadeb722d5e13a4481ff8017c6997') in 0.5475422 seconds
Number of updated asset objects reloaded before import = 0Number of asset objects unloaded after import = 68

========================================================================
Received Import Request.
  Time since last request: 0.000070 seconds.
  path: Assets/Settings/Mobile_RPAsset.asset
  artifactKey: Guid(5e6cbd92db86f4b18aec3ed561671858) Importer(2089858483,3d70f49cd1c2eb9ae422958d1c652c6b)
Start importing Assets/Settings/Mobile_RPAsset.asset using Guid(5e6cbd92db86f4b18aec3ed561671858) Importer(2089858483,3d70f49cd1c2eb9ae422958d1c652c6b) (ScriptedImporter) -> (artifact id: 'b6546e911007a2055815d92de0b3dd6b') in 0.3071339 seconds
Number of updated asset objects reloaded before import = 0Number of asset objects unloaded after import = 1

========================================================================
Received Import Request.
  Time since last request: 0.000119 seconds.
  path: Assets/Realistic Tree/Prefabs/Standard/Birch/Birch 2.prefab
  artifactKey: Guid(6bada98011d8805438c8a657e6e85c71) Importer(2089858483,3d70f49cd1c2eb9ae422958d1c652c6b)
Start importing Assets/Realistic Tree/Prefabs/Standard/Birch/Birch 2.prefab using Guid(6bada98011d8805438c8a657e6e85c71) Importer(2089858483,3d70f49cd1c2eb9ae422958d1c652c6b) (ScriptedImporter) -> (artifact id: '77e510fddba77605fa138acede3d699c') in 0.1403155 seconds
Number of updated asset objects reloaded before import = 0Number of asset objects unloaded after import = 126

========================================================================
Received Import Request.
  Time since last request: 0.000060 seconds.
  path: Assets/Realistic Tree/Prefabs/HDRP/Ash/Ash 8.prefab
  artifactKey: Guid(1e1d12b3f752ccf478e7510a3fa12347) Importer(2089858483,192608db42251d675da83286b1cce702)
Start importing Assets/Realistic Tree/Prefabs/HDRP/Ash/Ash 8.prefab using Guid(1e1d12b3f752ccf478e7510a3fa12347) Importer(2089858483,192608db42251d675da83286b1cce702) (ScriptedImporter) -> (artifact id: 'ffead06df34db30c42f6b24cab8d32d1') in 0.5032863 seconds
Number of updated asset objects reloaded before import = 0Number of asset objects unloaded after import = 70

========================================================================
Received Import Request.
  Time since last request: 0.000091 seconds.
  path: Assets/Realistic Tree/Prefabs/Standard/Spruce/Spruce 5.prefab
  artifactKey: Guid(bfb99cffc6cdd7649a853469e30f5610) Importer(2089858483,3d70f49cd1c2eb9ae422958d1c652c6b)
Start importing Assets/Realistic Tree/Prefabs/Standard/Spruce/Spruce 5.prefab using Guid(bfb99cffc6cdd7649a853469e30f5610) Importer(2089858483,3d70f49cd1c2eb9ae422958d1c652c6b) (ScriptedImporter) -> (artifact id: 'ec99c2d26cce7d406a0865224b177025') in 0.0465836 seconds
Number of updated asset objects reloaded before import = 0Number of asset objects unloaded after import = 123

========================================================================
Received Import Request.
  Time since last request: 0.000045 seconds.
  path: Assets/New Terrain.asset
  artifactKey: Guid(a0b746ca1f472b84ea75472082c424a0) Importer(2089858483,192608db42251d675da83286b1cce702)
Start importing Assets/New Terrain.asset using Guid(a0b746ca1f472b84ea75472082c424a0) Importer(2089858483,192608db42251d675da83286b1cce702) (ScriptedImporter) -> (artifact id: '726ee3d606c9a855806d378bfcb2226b') in 0.0478264 seconds
Number of updated asset objects reloaded before import = 0Number of asset objects unloaded after import = 1

========================================================================
Received Import Request.
  Time since last request: 0.000082 seconds.
  path: Assets/Realistic Tree/Prefabs/Standard/Birch/Birch Group 1.prefab
  artifactKey: Guid(fd9c010c779652042aae3bf9c3e09e84) Importer(2089858483,3d70f49cd1c2eb9ae422958d1c652c6b)
Start importing Assets/Realistic Tree/Prefabs/Standard/Birch/Birch Group 1.prefab using Guid(fd9c010c779652042aae3bf9c3e09e84) Importer(2089858483,3d70f49cd1c2eb9ae422958d1c652c6b) (ScriptedImporter) -> (artifact id: '324d7500d700770444de4489f026e082') in 0.261277 seconds
Number of updated asset objects reloaded before import = 0Number of asset objects unloaded after import = 126

========================================================================
Received Import Request.
  Time since last request: 0.000077 seconds.
  path: Assets/Realistic Tree/Prefabs/Standard/Birch/Birch 1.prefab
  artifactKey: Guid(617dd519e2d012a4e92fdf45b5b1f888) Importer(2089858483,3d70f49cd1c2eb9ae422958d1c652c6b)
Start importing Assets/Realistic Tree/Prefabs/Standard/Birch/Birch 1.prefab using Guid(617dd519e2d012a4e92fdf45b5b1f888) Importer(2089858483,3d70f49cd1c2eb9ae422958d1c652c6b) (ScriptedImporter) -> (artifact id: '48126c0e9584c0b23b24893a83a921b3') in 0.2189122 seconds
Number of updated asset objects reloaded before import = 0Number of asset objects unloaded after import = 126

========================================================================
Received Import Request.
  Time since last request: 0.000072 seconds.
  path: Assets/Realistic Tree/Prefabs/Standard/Spruce/Spruce 4.prefab
  artifactKey: Guid(13be5babdc5712542bc103a2ab32a766) Importer(2089858483,3d70f49cd1c2eb9ae422958d1c652c6b)
Start importing Assets/Realistic Tree/Prefabs/Standard/Spruce/Spruce 4.prefab using Guid(13be5babdc5712542bc103a2ab32a766) Importer(2089858483,3d70f49cd1c2eb9ae422958d1c652c6b) (ScriptedImporter) -> (artifact id: '8815fd4a68130347936c58b227003aab') in 0.2744936 seconds
Number of updated asset objects reloaded before import = 0Number of asset objects unloaded after import = 123

========================================================================
Received Import Request.
  Time since last request: 0.000065 seconds.
  path: Assets/Realistic Tree/Prefabs/Standard/Birch/Birch 3.prefab
  artifactKey: Guid(ffa44ddf50d9ae343bcf69db4abdc01f) Importer(2089858483,192608db42251d675da83286b1cce702)
Start importing Assets/Realistic Tree/Prefabs/Standard/Birch/Birch 3.prefab using Guid(ffa44ddf50d9ae343bcf69db4abdc01f) Importer(2089858483,192608db42251d675da83286b1cce702) (ScriptedImporter) -> (artifact id: 'ab7d4d73f03e0cbf9c33dbcd40bcb043') in 0.1943412 seconds
Number of updated asset objects reloaded before import = 0Number of asset objects unloaded after import = 70

========================================================================
Received Import Request.
  Time since last request: 0.000056 seconds.
  path: Assets/Realistic Tree/Prefabs/Standard/Spruce/Spruce 1.prefab
  artifactKey: Guid(400bf841f2409e84e91fef8bda9509bd) Importer(2089858483,3d70f49cd1c2eb9ae422958d1c652c6b)
Start importing Assets/Realistic Tree/Prefabs/Standard/Spruce/Spruce 1.prefab using Guid(400bf841f2409e84e91fef8bda9509bd) Importer(2089858483,3d70f49cd1c2eb9ae422958d1c652c6b) (ScriptedImporter) -> (artifact id: 'ad0bc9746b56a5c71d5623b47badafce') in 0.0740092 seconds
Number of updated asset objects reloaded before import = 0Number of asset objects unloaded after import = 123

========================================================================
Received Import Request.
  Time since last request: 0.000048 seconds.
  path: Assets/Realistic Tree/Prefabs/Standard/Ash/The Great Ash Tree.prefab
  artifactKey: Guid(865ce53b1cce36649aa48d926bac263d) Importer(2089858483,3d70f49cd1c2eb9ae422958d1c652c6b)
Start importing Assets/Realistic Tree/Prefabs/Standard/Ash/The Great Ash Tree.prefab using Guid(865ce53b1cce36649aa48d926bac263d) Importer(2089858483,3d70f49cd1c2eb9ae422958d1c652c6b) (ScriptedImporter) -> (artifact id: '0d7d0df5899483f6a07101c05a31616b') in 0.094836 seconds
Number of updated asset objects reloaded before import = 0Number of asset objects unloaded after import = 126

========================================================================
Received Import Request.
  Time since last request: 0.000141 seconds.
  path: Assets/Realistic Tree/Prefabs/HDRP/Chestnut/Chestnut 5.prefab
  artifactKey: Guid(ac32ab3df139eb24dbab7f275ce1574b) Importer(2089858483,3d70f49cd1c2eb9ae422958d1c652c6b)
Start importing Assets/Realistic Tree/Prefabs/HDRP/Chestnut/Chestnut 5.prefab using Guid(ac32ab3df139eb24dbab7f275ce1574b) Importer(2089858483,3d70f49cd1c2eb9ae422958d1c652c6b) (ScriptedImporter) -> (artifact id: '5ce1dcab406483c3b6307cd9d254f177') in 0.125864 seconds
Number of updated asset objects reloaded before import = 0Number of asset objects unloaded after import = 201

========================================================================
Received Import Request.
  Time since last request: 0.000086 seconds.
  path: Assets/Realistic Tree/Prefabs/HDRP/Birch/Birch Group 1.prefab
  artifactKey: Guid(4fffea226fd645b4693a82e2391d4662) Importer(2089858483,3d70f49cd1c2eb9ae422958d1c652c6b)
Start importing Assets/Realistic Tree/Prefabs/HDRP/Birch/Birch Group 1.prefab using Guid(4fffea226fd645b4693a82e2391d4662) Importer(2089858483,3d70f49cd1c2eb9ae422958d1c652c6b) (ScriptedImporter) -> (artifact id: 'd6244984d2c5aaaeed1567c8741863ba') in 0.085729 seconds
Number of updated asset objects reloaded before import = 0Number of asset objects unloaded after import = 128

========================================================================
Received Import Request.
  Time since last request: 0.000077 seconds.
  path: Assets/Realistic Tree/Prefabs/Standard/Ash/Ash 3.prefab
  artifactKey: Guid(d289eea73b9410848b0b877f1076a27b) Importer(2089858483,192608db42251d675da83286b1cce702)
Start importing Assets/Realistic Tree/Prefabs/Standard/Ash/Ash 3.prefab using Guid(d289eea73b9410848b0b877f1076a27b) Importer(2089858483,192608db42251d675da83286b1cce702) (ScriptedImporter) -> (artifact id: '4a2a4cc685fda076112f0f95cbbfddd1') in 0.3359378 seconds
Number of updated asset objects reloaded before import = 0Number of asset objects unloaded after import = 70

========================================================================
Received Import Request.
  Time since last request: 0.000156 seconds.
  path: Assets/Realistic Tree/Prefabs/Standard/Weeping Willow/Weeping_Willow 5.prefab
  artifactKey: Guid(57ea0bae16c7fc04aae9bdc890ad55ca) Importer(2089858483,3d70f49cd1c2eb9ae422958d1c652c6b)
Start importing Assets/Realistic Tree/Prefabs/Standard/Weeping Willow/Weeping_Willow 5.prefab using Guid(57ea0bae16c7fc04aae9bdc890ad55ca) Importer(2089858483,3d70f49cd1c2eb9ae422958d1c652c6b) (ScriptedImporter) -> (artifact id: '9ae931fd4486e6b7866fc37e2d7dfbce') in 0.0393472 seconds
Number of updated asset objects reloaded before import = 0Number of asset objects unloaded after import = 89

========================================================================
Received Import Request.
  Time since last request: 0.000071 seconds.
  path: Assets/Realistic Tree/Prefabs/Standard/Weeping Willow/Weeping_Willow 4.prefab
  artifactKey: Guid(72ed403272ca80a4cacdd26c1cf69b39) Importer(2089858483,3d70f49cd1c2eb9ae422958d1c652c6b)
Start importing Assets/Realistic Tree/Prefabs/Standard/Weeping Willow/Weeping_Willow 4.prefab using Guid(72ed403272ca80a4cacdd26c1cf69b39) Importer(2089858483,3d70f49cd1c2eb9ae422958d1c652c6b) (ScriptedImporter) -> (artifact id: '4d316e846fb2d24e2709731934e2ff5f') in 0.0458336 seconds
Number of updated asset objects reloaded before import = 0Number of asset objects unloaded after import = 89

========================================================================
Received Import Request.
  Time since last request: 0.000042 seconds.
  path: Assets/Realistic Tree/Prefabs/Standard/Ash/Ash 4.prefab
  artifactKey: Guid(02e5b605b92bdf5458f2d187bfb0f60a) Importer(2089858483,3d70f49cd1c2eb9ae422958d1c652c6b)
Start importing Assets/Realistic Tree/Prefabs/Standard/Ash/Ash 4.prefab using Guid(02e5b605b92bdf5458f2d187bfb0f60a) Importer(2089858483,3d70f49cd1c2eb9ae422958d1c652c6b) (ScriptedImporter) -> (artifact id: '789252cc138d7195d977d4b8ccc9b799') in 0.03997 seconds
Number of updated asset objects reloaded before import = 0Number of asset objects unloaded after import = 126

========================================================================
Received Import Request.
  Time since last request: 0.000051 seconds.
  path: Assets/Realistic Tree/Prefabs/HDRP/Ash/Ash 7.prefab
  artifactKey: Guid(01914bcafa4cf2949b0740d6f03f86ff) Importer(2089858483,3d70f49cd1c2eb9ae422958d1c652c6b)
Start importing Assets/Realistic Tree/Prefabs/HDRP/Ash/Ash 7.prefab using Guid(01914bcafa4cf2949b0740d6f03f86ff) Importer(2089858483,3d70f49cd1c2eb9ae422958d1c652c6b) (ScriptedImporter) -> (artifact id: '182fb038bbcb5c944beb79e8446daa07') in 0.0416524 seconds
Number of updated asset objects reloaded before import = 0Number of asset objects unloaded after import = 128

========================================================================
Received Import Request.
  Time since last request: 0.000057 seconds.
  path: Assets/Realistic Tree/Prefabs/HDRP/Birch/Birch 9.prefab
  artifactKey: Guid(d997dbe7d13d5724083c44726c9e5180) Importer(2089858483,192608db42251d675da83286b1cce702)
Start importing Assets/Realistic Tree/Prefabs/HDRP/Birch/Birch 9.prefab using Guid(d997dbe7d13d5724083c44726c9e5180) Importer(2089858483,192608db42251d675da83286b1cce702) (ScriptedImporter) -> (artifact id: '747ec1135d488a14bacd1b6117fc0816') in 0.0822461 seconds
Number of updated asset objects reloaded before import = 0Number of asset objects unloaded after import = 70

========================================================================
Received Import Request.
  Time since last request: 0.000051 seconds.
  path: Assets/Realistic Tree/Prefabs/Standard/Birch/Birch 8.prefab
  artifactKey: Guid(db61dc2238d3c4a478c5a8f9a18be98f) Importer(2089858483,192608db42251d675da83286b1cce702)
Start importing Assets/Realistic Tree/Prefabs/Standard/Birch/Birch 8.prefab using Guid(db61dc2238d3c4a478c5a8f9a18be98f) Importer(2089858483,192608db42251d675da83286b1cce702) (ScriptedImporter) -> (artifact id: '466f7b03b483ca82ae11cc5bef4a3a46') in 0.0751221 seconds
Number of updated asset objects reloaded before import = 0Number of asset objects unloaded after import = 70

========================================================================
Received Import Request.
  Time since last request: 0.000063 seconds.
  path: Assets/Realistic Tree/Prefabs/Standard/Weeping Willow/Weeping_Willow 8.prefab
  artifactKey: Guid(1b52bae7d0bbb564da85b5fcdcc5b3da) Importer(2089858483,3d70f49cd1c2eb9ae422958d1c652c6b)
Start importing Assets/Realistic Tree/Prefabs/Standard/Weeping Willow/Weeping_Willow 8.prefab using Guid(1b52bae7d0bbb564da85b5fcdcc5b3da) Importer(2089858483,3d70f49cd1c2eb9ae422958d1c652c6b) (ScriptedImporter) -> (artifact id: 'ed34cf046f8002d1241423e747937e4d') in 0.0417374 seconds
Number of updated asset objects reloaded before import = 0Number of asset objects unloaded after import = 89

========================================================================
Received Import Request.
  Time since last request: 0.000082 seconds.
  path: Assets/Realistic Tree/Prefabs/Standard/Spruce/Spruce 2.prefab
  artifactKey: Guid(07d495d0fea1f334f9200ba6ae93c62c) Importer(2089858483,3d70f49cd1c2eb9ae422958d1c652c6b)
Start importing Assets/Realistic Tree/Prefabs/Standard/Spruce/Spruce 2.prefab using Guid(07d495d0fea1f334f9200ba6ae93c62c) Importer(2089858483,3d70f49cd1c2eb9ae422958d1c652c6b) (ScriptedImporter) -> (artifact id: '0700b9ff418852bacc3138227afed25b') in 0.0383579 seconds
Number of updated asset objects reloaded before import = 0Number of asset objects unloaded after import = 123

========================================================================
Received Import Request.
  Time since last request: 0.000066 seconds.
  path: Assets/Realistic Tree/Prefabs/Standard/Ash/Ash 1.prefab
  artifactKey: Guid(b705299bf721f4a4083e5c4f318c85f7) Importer(2089858483,3d70f49cd1c2eb9ae422958d1c652c6b)
Start importing Assets/Realistic Tree/Prefabs/Standard/Ash/Ash 1.prefab using Guid(b705299bf721f4a4083e5c4f318c85f7) Importer(2089858483,3d70f49cd1c2eb9ae422958d1c652c6b) (ScriptedImporter) -> (artifact id: '277b35b358f2a6396aa56c78df3d0a8c') in 0.0367085 seconds
Number of updated asset objects reloaded before import = 0Number of asset objects unloaded after import = 126

========================================================================
Received Import Request.
  Time since last request: 0.000048 seconds.
  path: Assets/Realistic Tree/Prefabs/HDRP/Chestnut/Chestnut 2.prefab
  artifactKey: Guid(10802329ab9ffcc45929153cba6c8023) Importer(2089858483,3d70f49cd1c2eb9ae422958d1c652c6b)
Start importing Assets/Realistic Tree/Prefabs/HDRP/Chestnut/Chestnut 2.prefab using Guid(10802329ab9ffcc45929153cba6c8023) Importer(2089858483,3d70f49cd1c2eb9ae422958d1c652c6b) (ScriptedImporter) -> (artifact id: '563c98b5b1457db65c99163161ce524f') in 0.066879 seconds
Number of updated asset objects reloaded before import = 0Number of asset objects unloaded after import = 165

========================================================================
Received Import Request.
  Time since last request: 0.000042 seconds.
  path: Assets/TutorialInfo/Scripts/Readme.cs
  artifactKey: Guid(fcf7219bab7fe46a1ad266029b2fee19) Importer(2089858483,192608db42251d675da83286b1cce702)
Start importing Assets/TutorialInfo/Scripts/Readme.cs using Guid(fcf7219bab7fe46a1ad266029b2fee19) Importer(2089858483,192608db42251d675da83286b1cce702) (ScriptedImporter) -> (artifact id: 'fc6f9e8e266836ffcf3b1583dcfd6c61') in 0.0113879 seconds
Number of updated asset objects reloaded before import = 0Number of asset objects unloaded after import = 0

========================================================================
Received Import Request.
  Time since last request: 0.000057 seconds.
  path: Assets/Realistic Tree/Prefabs/HDRP/Birch/Birch Group 2.prefab
  artifactKey: Guid(66e905f187ec10d40a576a04edf27a5b) Importer(2089858483,3d70f49cd1c2eb9ae422958d1c652c6b)
Start importing Assets/Realistic Tree/Prefabs/HDRP/Birch/Birch Group 2.prefab using Guid(66e905f187ec10d40a576a04edf27a5b) Importer(2089858483,3d70f49cd1c2eb9ae422958d1c652c6b) (ScriptedImporter) -> (artifact id: '36a83e1b15763c87d8488fa33e90c7a6') in 0.0584979 seconds
Number of updated asset objects reloaded before import = 0Number of asset objects unloaded after import = 128

========================================================================
Received Import Request.
  Time since last request: 0.000057 seconds.
  path: Assets/Realistic Tree/Prefabs/HDRP/Chestnut/Chestnut 7.prefab
  artifactKey: Guid(5aad144dfe0872d4ca484ab6a958cf9f) Importer(2089858483,192608db42251d675da83286b1cce702)
Start importing Assets/Realistic Tree/Prefabs/HDRP/Chestnut/Chestnut 7.prefab using Guid(5aad144dfe0872d4ca484ab6a958cf9f) Importer(2089858483,192608db42251d675da83286b1cce702) (ScriptedImporter) -> (artifact id: '5736abf8051ea701fda55dd7a28cef46') in 0.0875563 seconds
Number of updated asset objects reloaded before import = 0Number of asset objects unloaded after import = 110

========================================================================
Received Import Request.
  Time since last request: 0.000065 seconds.
  path: Assets/Realistic Tree/Prefabs/Standard/Chestnut/Chestnut 8.prefab
  artifactKey: Guid(4b0b7f74bec98714c8538a3de574f7cb) Importer(2089858483,192608db42251d675da83286b1cce702)
Start importing Assets/Realistic Tree/Prefabs/Standard/Chestnut/Chestnut 8.prefab using Guid(4b0b7f74bec98714c8538a3de574f7cb) Importer(2089858483,192608db42251d675da83286b1cce702) (ScriptedImporter) -> (artifact id: '27d28170b87e5744c9c96521f6267d06') in 0.105872 seconds
Number of updated asset objects reloaded before import = 0Number of asset objects unloaded after import = 110

========================================================================
Received Import Request.
  Time since last request: 0.000044 seconds.
  path: Assets/Realistic Tree/Prefabs/URP/Ash/Ash 6.prefab
  artifactKey: Guid(209b15dd421b315458b25e6457874d89) Importer(2089858483,3d70f49cd1c2eb9ae422958d1c652c6b)
Start importing Assets/Realistic Tree/Prefabs/URP/Ash/Ash 6.prefab using Guid(209b15dd421b315458b25e6457874d89) Importer(2089858483,3d70f49cd1c2eb9ae422958d1c652c6b) (ScriptedImporter) -> (artifact id: 'dbc90d59df3d5886eaac328b96e2d047') in 0.0569796 seconds
Number of updated asset objects reloaded before import = 0Number of asset objects unloaded after import = 128

========================================================================
Received Import Request.
  Time since last request: 0.000064 seconds.
  path: Assets/Realistic Tree/Prefabs/Standard/Chestnut/Leaf_1.png
  artifactKey: Guid(6553b681ac305bb449e2448b3e499ea1) Importer(2089858483,192608db42251d675da83286b1cce702)
Start importing Assets/Realistic Tree/Prefabs/Standard/Chestnut/Leaf_1.png using Guid(6553b681ac305bb449e2448b3e499ea1) Importer(2089858483,192608db42251d675da83286b1cce702) (ScriptedImporter)[Licensing::Client] Successfully resolved entitlement details
[Licensing::Client] Successfully resolved entitlement details
 -> (artifact id: '69088420d0172c637b052fea572fc090') in 0.145754 seconds
Number of updated asset objects reloaded before import = 0Number of asset objects unloaded after import = 1

========================================================================
Received Import Request.
  Time since last request: 0.000045 seconds.
  path: Assets/Realistic Tree/Prefabs/Standard/Chestnut/Chestnut 5.prefab
  artifactKey: Guid(bff57b9810feed64abe743f4c260640e) Importer(2089858483,3d70f49cd1c2eb9ae422958d1c652c6b)
Start importing Assets/Realistic Tree/Prefabs/Standard/Chestnut/Chestnut 5.prefab using Guid(bff57b9810feed64abe743f4c260640e) Importer(2089858483,3d70f49cd1c2eb9ae422958d1c652c6b) (ScriptedImporter) -> (artifact id: 'aac0d54361eb62053b0dbc942978f06e') in 0.0643335 seconds
Number of updated asset objects reloaded before import = 0Number of asset objects unloaded after import = 199

========================================================================
Received Import Request.
  Time since last request: 0.000060 seconds.
  path: Assets/Realistic Tree/Prefabs/HDRP/Weeping Willow/Weeping_Willow 4.prefab
  artifactKey: Guid(7bdfa64ad813fb04e99c936fcc46bd2b) Importer(2089858483,192608db42251d675da83286b1cce702)
Start importing Assets/Realistic Tree/Prefabs/HDRP/Weeping Willow/Weeping_Willow 4.prefab using Guid(7bdfa64ad813fb04e99c936fcc46bd2b) Importer(2089858483,192608db42251d675da83286b1cce702) (ScriptedImporter) -> (artifact id: '4eaf1672dd89d79d1351f452062a03de') in 0.0542698 seconds
Number of updated asset objects reloaded before import = 0Number of asset objects unloaded after import = 50

========================================================================
Received Import Request.
  Time since last request: 0.000049 seconds.
  path: Assets/Realistic Tree/Prefabs/HDRP/Birch/Birch 6.prefab
  artifactKey: Guid(88496e6d55c5adf4dbd3eb7678289066) Importer(2089858483,3d70f49cd1c2eb9ae422958d1c652c6b)
Start importing Assets/Realistic Tree/Prefabs/HDRP/Birch/Birch 6.prefab using Guid(88496e6d55c5adf4dbd3eb7678289066) Importer(2089858483,3d70f49cd1c2eb9ae422958d1c652c6b) (ScriptedImporter) -> (artifact id: '7600a04afdf1ea9f963ef6b2a969a7da') in 0.0393757 seconds
Number of updated asset objects reloaded before import = 0Number of asset objects unloaded after import = 128

========================================================================
Received Import Request.
  Time since last request: 0.000087 seconds.
  path: Assets/Realistic Tree/Prefabs/HDRP/Chestnut/Chestnut 1.prefab
  artifactKey: Guid(ca41ad7dff05aeb4bb3b104e4a55d7f4) Importer(2089858483,3d70f49cd1c2eb9ae422958d1c652c6b)
Start importing Assets/Realistic Tree/Prefabs/HDRP/Chestnut/Chestnut 1.prefab using Guid(ca41ad7dff05aeb4bb3b104e4a55d7f4) Importer(2089858483,3d70f49cd1c2eb9ae422958d1c652c6b) (ScriptedImporter) -> (artifact id: '9960a13fea97dc2157bea33a2d492c69') in 0.0997867 seconds
Number of updated asset objects reloaded before import = 0Number of asset objects unloaded after import = 165

========================================================================
Received Import Request.
  Time since last request: 0.000050 seconds.
  path: Assets/Realistic Tree/Prefabs/HDRP/Spruce/Spruce 8.prefab
  artifactKey: Guid(92ffb0927ddfa4a47b5d13cc9d48018c) Importer(2089858483,3d70f49cd1c2eb9ae422958d1c652c6b)
Start importing Assets/Realistic Tree/Prefabs/HDRP/Spruce/Spruce 8.prefab using Guid(92ffb0927ddfa4a47b5d13cc9d48018c) Importer(2089858483,3d70f49cd1c2eb9ae422958d1c652c6b) (ScriptedImporter) -> (artifact id: 'e46aa5c18ed108e22a09f7ffd7740cd8') in 0.0280465 seconds
Number of updated asset objects reloaded before import = 0Number of asset objects unloaded after import = 125

========================================================================
Received Import Request.
  Time since last request: 0.000047 seconds.
  path: Assets/Realistic Tree/Prefabs/HDRP/Birch/Birch 3.prefab
  artifactKey: Guid(c2e80e24f0d8c45408da566bd5b3b964) Importer(2089858483,192608db42251d675da83286b1cce702)
Start importing Assets/Realistic Tree/Prefabs/HDRP/Birch/Birch 3.prefab using Guid(c2e80e24f0d8c45408da566bd5b3b964) Importer(2089858483,192608db42251d675da83286b1cce702) (ScriptedImporter) -> (artifact id: '7bc1fe05cefda32e99d2b23332d2160a') in 0.0475032 seconds
Number of updated asset objects reloaded before import = 0Number of asset objects unloaded after import = 70

========================================================================
Received Import Request.
  Time since last request: 0.000030 seconds.
  path: Assets/Realistic Tree/Prefabs/HDRP/Spruce/Spruce 2.prefab
  artifactKey: Guid(344b4997359314249a9ba7a1f1d0f876) Importer(2089858483,3d70f49cd1c2eb9ae422958d1c652c6b)
Start importing Assets/Realistic Tree/Prefabs/HDRP/Spruce/Spruce 2.prefab using Guid(344b4997359314249a9ba7a1f1d0f876) Importer(2089858483,3d70f49cd1c2eb9ae422958d1c652c6b) (ScriptedImporter) -> (artifact id: 'b4de7297bfa31b4bee48bfdeb029ebe1') in 0.0203403 seconds
Number of updated asset objects reloaded before import = 0Number of asset objects unloaded after import = 125

========================================================================
Received Import Request.
  Time since last request: 0.000063 seconds.
  path: Assets/Realistic Tree/Prefabs/HDRP/Ash/Ash 6.prefab
  artifactKey: Guid(aa5460b223826e248969f82c803cf03b) Importer(2089858483,3d70f49cd1c2eb9ae422958d1c652c6b)
Start importing Assets/Realistic Tree/Prefabs/HDRP/Ash/Ash 6.prefab using Guid(aa5460b223826e248969f82c803cf03b) Importer(2089858483,3d70f49cd1c2eb9ae422958d1c652c6b) (ScriptedImporter) -> (artifact id: '5b29096a682469635a3cb3cd7de250e1') in 0.0861435 seconds
Number of updated asset objects reloaded before import = 0Number of asset objects unloaded after import = 128

========================================================================
Received Import Request.
  Time since last request: 0.000046 seconds.
  path: Assets/Realistic Tree/Prefabs/Standard/Birch/Birch 9.prefab
  artifactKey: Guid(8b2cbae733adeae48a1b1a1aa7e71f43) Importer(2089858483,3d70f49cd1c2eb9ae422958d1c652c6b)
Start importing Assets/Realistic Tree/Prefabs/Standard/Birch/Birch 9.prefab using Guid(8b2cbae733adeae48a1b1a1aa7e71f43) Importer(2089858483,3d70f49cd1c2eb9ae422958d1c652c6b) (ScriptedImporter) -> (artifact id: 'cb53a8546fb83a1d21ebb3ba9fc9ef66') in 0.0990413 seconds
Number of updated asset objects reloaded before import = 0Number of asset objects unloaded after import = 126

========================================================================
Received Import Request.
  Time since last request: 0.000131 seconds.
  path: Assets/Realistic Tree/Prefabs/HDRP/Birch/Birch 10.prefab
  artifactKey: Guid(17cb153d775652d42a9b61419234b045) Importer(2089858483,3d70f49cd1c2eb9ae422958d1c652c6b)
Start importing Assets/Realistic Tree/Prefabs/HDRP/Birch/Birch 10.prefab using Guid(17cb153d775652d42a9b61419234b045) Importer(2089858483,3d70f49cd1c2eb9ae422958d1c652c6b) (ScriptedImporter) -> (artifact id: 'd59d6b753141a8751c0a9d31f6b1da75') in 0.0532926 seconds
Number of updated asset objects reloaded before import = 0Number of asset objects unloaded after import = 91

========================================================================
Received Import Request.
  Time since last request: 0.000046 seconds.
  path: Assets/Realistic Tree/Prefabs/URP/Birch/Birch 4.prefab
  artifactKey: Guid(d545a4c991f4a394fa3eafaddfdc0f83) Importer(2089858483,3d70f49cd1c2eb9ae422958d1c652c6b)
Start importing Assets/Realistic Tree/Prefabs/URP/Birch/Birch 4.prefab using Guid(d545a4c991f4a394fa3eafaddfdc0f83) Importer(2089858483,3d70f49cd1c2eb9ae422958d1c652c6b) (ScriptedImporter) -> (artifact id: '36c16904271b6d6a44919a1027f42f36') in 0.0658687 seconds
Number of updated asset objects reloaded before import = 0Number of asset objects unloaded after import = 130

========================================================================
Received Import Request.
  Time since last request: 0.000073 seconds.
  path: Assets/Realistic Tree/Prefabs/HDRP/Birch/Birch 5.prefab
  artifactKey: Guid(e9c1cbb9bd37c5243be27654163ec2b0) Importer(2089858483,3d70f49cd1c2eb9ae422958d1c652c6b)
Start importing Assets/Realistic Tree/Prefabs/HDRP/Birch/Birch 5.prefab using Guid(e9c1cbb9bd37c5243be27654163ec2b0) Importer(2089858483,3d70f49cd1c2eb9ae422958d1c652c6b) (ScriptedImporter) -> (artifact id: '8bb44e1dc30f63581ff318ac31b97f29') in 0.0632793 seconds
Number of updated asset objects reloaded before import = 0Number of asset objects unloaded after import = 128

========================================================================
Received Import Request.
  Time since last request: 0.000047 seconds.
  path: Assets/NewBrush.brush
  artifactKey: Guid(858a0eeade7e7624299eda0978d9c779) Importer(2089858483,192608db42251d675da83286b1cce702)
Start importing Assets/NewBrush.brush using Guid(858a0eeade7e7624299eda0978d9c779) Importer(2089858483,192608db42251d675da83286b1cce702) (ScriptedImporter) -> (artifact id: '03f7bcf24dd39111fe10e11c3ac90452') in 0.0909121 seconds
Number of updated asset objects reloaded before import = 0Number of asset objects unloaded after import = 1

========================================================================
Received Import Request.
  Time since last request: 0.000188 seconds.
  path: Assets/Realistic Tree/Prefabs/URP/Birch/Birch 6.prefab
  artifactKey: Guid(affe17d38a3d2d54eac468a8349625db) Importer(2089858483,3d70f49cd1c2eb9ae422958d1c652c6b)
Start importing Assets/Realistic Tree/Prefabs/URP/Birch/Birch 6.prefab using Guid(affe17d38a3d2d54eac468a8349625db) Importer(2089858483,3d70f49cd1c2eb9ae422958d1c652c6b) (ScriptedImporter) -> (artifact id: 'fec69a5991212f57e396fda9acfae72c') in 0.0764878 seconds
Number of updated asset objects reloaded before import = 0Number of asset objects unloaded after import = 128

========================================================================
Received Import Request.
  Time since last request: 0.000063 seconds.
  path: Assets/Realistic Tree/Prefabs/HDRP/Spruce/Spruce 9.prefab
  artifactKey: Guid(3604e9d4c9e4cc047909cb7c30ce7587) Importer(2089858483,192608db42251d675da83286b1cce702)
Start importing Assets/Realistic Tree/Prefabs/HDRP/Spruce/Spruce 9.prefab using Guid(3604e9d4c9e4cc047909cb7c30ce7587) Importer(2089858483,192608db42251d675da83286b1cce702) (ScriptedImporter) -> (artifact id: '67037e32ab68388577ff632e3ccb4e46') in 0.0426976 seconds
Number of updated asset objects reloaded before import = 0Number of asset objects unloaded after import = 67

========================================================================
Received Import Request.
  Time since last request: 0.000070 seconds.
  path: Assets/Realistic Tree/Prefabs/HDRP/Weeping Willow/Weeping_Willow 8.prefab
  artifactKey: Guid(0db42947b44718a46ae06fa647389298) Importer(2089858483,3d70f49cd1c2eb9ae422958d1c652c6b)
Start importing Assets/Realistic Tree/Prefabs/HDRP/Weeping Willow/Weeping_Willow 8.prefab using Guid(0db42947b44718a46ae06fa647389298) Importer(2089858483,3d70f49cd1c2eb9ae422958d1c652c6b) (ScriptedImporter) -> (artifact id: '984a60ec9079e3f7f811304b744c4af0') in 0.0398677 seconds
Number of updated asset objects reloaded before import = 0Number of asset objects unloaded after import = 91

========================================================================
Received Import Request.
  Time since last request: 0.000058 seconds.
  path: Assets/Realistic Tree/Prefabs/Standard/Spruce/Spruce 3.prefab
  artifactKey: Guid(b895889bc90eb7f4a90da34b8a763bc1) Importer(2089858483,192608db42251d675da83286b1cce702)
Start importing Assets/Realistic Tree/Prefabs/Standard/Spruce/Spruce 3.prefab using Guid(b895889bc90eb7f4a90da34b8a763bc1) Importer(2089858483,192608db42251d675da83286b1cce702) (ScriptedImporter) -> (artifact id: '0ee4d78a5006eaffbac9533f846beda0') in 0.0531328 seconds
Number of updated asset objects reloaded before import = 0Number of asset objects unloaded after import = 67

========================================================================
Received Import Request.
  Time since last request: 0.000066 seconds.
  path: Assets/Realistic Tree/Shader/HDRP/Bark_HDRP.shadergraph
  artifactKey: Guid(8893d56df203f4b4bbb8d496fb894846) Importer(2089858483,192608db42251d675da83286b1cce702)
Start importing Assets/Realistic Tree/Shader/HDRP/Bark_HDRP.shadergraph using Guid(8893d56df203f4b4bbb8d496fb894846) Importer(2089858483,192608db42251d675da83286b1cce702) (ScriptedImporter) -> (artifact id: '50880c592337f77e80ed3cb7edf76460') in 0.0399253 seconds
Number of updated asset objects reloaded before import = 0Number of asset objects unloaded after import = 3

========================================================================
Received Import Request.
  Time since last request: 0.000197 seconds.
  path: Assets/Realistic Tree/Prefabs/Standard/Chestnut/Chestnut 2.prefab
  artifactKey: Guid(56115f1cafeb24f44921ff210db74d4f) Importer(2089858483,3d70f49cd1c2eb9ae422958d1c652c6b)
Start importing Assets/Realistic Tree/Prefabs/Standard/Chestnut/Chestnut 2.prefab using Guid(56115f1cafeb24f44921ff210db74d4f) Importer(2089858483,3d70f49cd1c2eb9ae422958d1c652c6b) (ScriptedImporter) -> (artifact id: 'aabae47c5cfad22c7b5997d62f9189e0') in 0.0428762 seconds
Number of updated asset objects reloaded before import = 0Number of asset objects unloaded after import = 163

========================================================================
Received Import Request.
  Time since last request: 0.000072 seconds.
  path: Assets/Realistic Tree/Prefabs/HDRP/Spruce/Spruce Group 2.prefab
  artifactKey: Guid(d8c9371ee445d56488b0433582d6420e) Importer(2089858483,192608db42251d675da83286b1cce702)
Start importing Assets/Realistic Tree/Prefabs/HDRP/Spruce/Spruce Group 2.prefab using Guid(d8c9371ee445d56488b0433582d6420e) Importer(2089858483,192608db42251d675da83286b1cce702) (ScriptedImporter) -> (artifact id: 'f7e98100db2c33f0c5038213d8aec7ec') in 0.0301937 seconds
Number of updated asset objects reloaded before import = 0Number of asset objects unloaded after import = 67

========================================================================
Received Import Request.
  Time since last request: 0.000043 seconds.
  path: Assets/Realistic Tree/Prefabs/Standard/Birch/Birch 7.prefab
  artifactKey: Guid(8576c33003a77184e98ec8e60149a16f) Importer(2089858483,3d70f49cd1c2eb9ae422958d1c652c6b)
Start importing Assets/Realistic Tree/Prefabs/Standard/Birch/Birch 7.prefab using Guid(8576c33003a77184e98ec8e60149a16f) Importer(2089858483,3d70f49cd1c2eb9ae422958d1c652c6b) (ScriptedImporter) -> (artifact id: '8b9103d7fb113fd450385074e2578360') in 0.0477019 seconds
Number of updated asset objects reloaded before import = 0Number of asset objects unloaded after import = 91

========================================================================
Received Import Request.
  Time since last request: 0.000055 seconds.
  path: Assets/New Terrain 1.asset
  artifactKey: Guid(65df4190bba2dbd44ae3210bfe7a9795) Importer(2089858483,192608db42251d675da83286b1cce702)
Start importing Assets/New Terrain 1.asset using Guid(65df4190bba2dbd44ae3210bfe7a9795) Importer(2089858483,192608db42251d675da83286b1cce702) (ScriptedImporter)The tree Ash 1 couldn't be instanced because the prefab contains no valid mesh renderer.
UnityEngine.Debug:ExtractStackTraceNoAlloc (byte*,int,string)
UnityEngine.StackTraceUtility:ExtractStackTrace ()
UnityEditor.AssetDatabase:LoadMainAssetAtPath (string)
UnityEditor.Search.AssetIndexer:IndexProperties (int&,string&,bool&)
UnityEditor.Search.AssetIndexer:IndexDocument (string,bool)
UnityEditor.Search.SearchIndexEntryImporter:OnImportAsset (UnityEditor.AssetImporters.AssetImportContext)
UnityEditor.AssetImporters.ScriptedImporter:GenerateAssetData (UnityEditor.AssetImporters.AssetImportContext)

[C:\build\output\unity\unity\Modules\Terrain\Public\TreeDatabase.cpp line 355]

 -> (artifact id: 'd2db7c99e631ff1802b8337c4d27f115') in 0.0333719 seconds
Number of updated asset objects reloaded before import = 0Number of asset objects unloaded after import = 69

========================================================================
Received Import Request.
  Time since last request: 0.000194 seconds.
  path: Assets/Realistic Tree/Prefabs/Standard/Birch/Birch Group 2.prefab
  artifactKey: Guid(80118ff03f387324fa3e2a2e2e5b0006) Importer(2089858483,3d70f49cd1c2eb9ae422958d1c652c6b)
Start importing Assets/Realistic Tree/Prefabs/Standard/Birch/Birch Group 2.prefab using Guid(80118ff03f387324fa3e2a2e2e5b0006) Importer(2089858483,3d70f49cd1c2eb9ae422958d1c652c6b) (ScriptedImporter) -> (artifact id: '9347f9eca75f811385b3b8f69fa1675f') in 0.0618737 seconds
Number of updated asset objects reloaded before import = 0Number of asset objects unloaded after import = 126

========================================================================
Received Import Request.
  Time since last request: 0.000053 seconds.
  path: Assets/Settings/UniversalRenderPipelineGlobalSettings.asset
  artifactKey: Guid(18dc0cd2c080841dea60987a38ce93fa) Importer(2089858483,192608db42251d675da83286b1cce702)
Start importing Assets/Settings/UniversalRenderPipelineGlobalSettings.asset using Guid(18dc0cd2c080841dea60987a38ce93fa) Importer(2089858483,192608db42251d675da83286b1cce702) (ScriptedImporter) -> (artifact id: '9ad1019edc2dd1e345b7dd25d1c232d2') in 0.6687392 seconds
Number of updated asset objects reloaded before import = 0Number of asset objects unloaded after import = 0

========================================================================
Received Import Request.
  Time since last request: 0.000097 seconds.
  path: Assets/Realistic Tree/Prefabs/URP/Birch/Birch Group 3.prefab
  artifactKey: Guid(78fc3123f026cf0448f524c06cfcdf95) Importer(2089858483,3d70f49cd1c2eb9ae422958d1c652c6b)
Start importing Assets/Realistic Tree/Prefabs/URP/Birch/Birch Group 3.prefab using Guid(78fc3123f026cf0448f524c06cfcdf95) Importer(2089858483,3d70f49cd1c2eb9ae422958d1c652c6b) (ScriptedImporter) -> (artifact id: 'a393d0216129b22993352b8517e246bc') in 0.1678087 seconds
Number of updated asset objects reloaded before import = 0Number of asset objects unloaded after import = 128

========================================================================
Received Import Request.
  Time since last request: 0.000054 seconds.
  path: Assets/Realistic Tree/Prefabs/Standard/Chestnut/Chestnut 6.prefab
  artifactKey: Guid(4a9c3a2cadac6294d83a9cc770865028) Importer(2089858483,3d70f49cd1c2eb9ae422958d1c652c6b)
Start importing Assets/Realistic Tree/Prefabs/Standard/Chestnut/Chestnut 6.prefab using Guid(4a9c3a2cadac6294d83a9cc770865028) Importer(2089858483,3d70f49cd1c2eb9ae422958d1c652c6b) (ScriptedImporter) -> (artifact id: 'f57313903162428944a6bcc826bd1c5d') in 0.1263448 seconds
Number of updated asset objects reloaded before import = 0Number of asset objects unloaded after import = 198

========================================================================
Received Import Request.
  Time since last request: 0.000203 seconds.
  path: Assets/Realistic Tree/Prefabs/HDRP/Spruce/Spruce 5.prefab
  artifactKey: Guid(69e86fcf90191a64baa6cee9e3ee003c) Importer(2089858483,192608db42251d675da83286b1cce702)
Start importing Assets/Realistic Tree/Prefabs/HDRP/Spruce/Spruce 5.prefab using Guid(69e86fcf90191a64baa6cee9e3ee003c) Importer(2089858483,192608db42251d675da83286b1cce702) (ScriptedImporter) -> (artifact id: '8ba33a7a98a29da417ac1e6c9f231a03') in 0.0479214 seconds
Number of updated asset objects reloaded before import = 0Number of asset objects unloaded after import = 67

========================================================================
Received Import Request.
  Time since last request: 0.000051 seconds.
  path: Assets/Realistic Tree/Prefabs/Standard/Birch/Birch 4.prefab
  artifactKey: Guid(c43898afeed675445b686aca1f9fe2c6) Importer(2089858483,3d70f49cd1c2eb9ae422958d1c652c6b)
Start importing Assets/Realistic Tree/Prefabs/Standard/Birch/Birch 4.prefab using Guid(c43898afeed675445b686aca1f9fe2c6) Importer(2089858483,3d70f49cd1c2eb9ae422958d1c652c6b) (ScriptedImporter) -> (artifact id: '1dc9aecdc5c95c3c256530e77cf73bac') in 0.0640529 seconds
Number of updated asset objects reloaded before import = 0Number of asset objects unloaded after import = 126

========================================================================
Received Import Request.
  Time since last request: 0.000073 seconds.
  path: Assets/Realistic Tree/Prefabs/Standard/Spruce/Spruce 9.prefab
  artifactKey: Guid(c32fc2f591b15d946bf93891c0915c4d) Importer(2089858483,192608db42251d675da83286b1cce702)
Start importing Assets/Realistic Tree/Prefabs/Standard/Spruce/Spruce 9.prefab using Guid(c32fc2f591b15d946bf93891c0915c4d) Importer(2089858483,192608db42251d675da83286b1cce702) (ScriptedImporter) -> (artifact id: '58f2190eacbea95b95128b6fcee15892') in 0.0534432 seconds
Number of updated asset objects reloaded before import = 0Number of asset objects unloaded after import = 67

========================================================================
Received Import Request.
  Time since last request: 0.000049 seconds.
  path: Assets/Realistic Tree/Prefabs/HDRP/Ash/Ash 2.prefab
  artifactKey: Guid(0d1f8ec7904ba3640ae7908436cf764c) Importer(2089858483,192608db42251d675da83286b1cce702)
Start importing Assets/Realistic Tree/Prefabs/HDRP/Ash/Ash 2.prefab using Guid(0d1f8ec7904ba3640ae7908436cf764c) Importer(2089858483,192608db42251d675da83286b1cce702) (ScriptedImporter) -> (artifact id: '33c1bdacf6f9dad578b63fac64bdb94b') in 0.2598493 seconds
Number of updated asset objects reloaded before import = 0Number of asset objects unloaded after import = 70

========================================================================
Received Import Request.
  Time since last request: 0.000194 seconds.
  path: Assets/Realistic Tree/Demo Scene/Buttonscript.cs
  artifactKey: Guid(7dac93fdda18c9a4e83e4515bf51df9f) Importer(2089858483,192608db42251d675da83286b1cce702)
Start importing Assets/Realistic Tree/Demo Scene/Buttonscript.cs using Guid(7dac93fdda18c9a4e83e4515bf51df9f) Importer(2089858483,192608db42251d675da83286b1cce702) (ScriptedImporter) -> (artifact id: 'f22f6ff16c4d80bff2d148dcd98ca598') in 0.0159429 seconds
Number of updated asset objects reloaded before import = 0Number of asset objects unloaded after import = 0

========================================================================
Received Import Request.
  Time since last request: 0.000049 seconds.
  path: Assets/Realistic Tree/Prefabs/Standard/Ash/Ash 6.prefab
  artifactKey: Guid(6f544b3904ee31b45841cdb0fb1f9c15) Importer(2089858483,192608db42251d675da83286b1cce702)
Start importing Assets/Realistic Tree/Prefabs/Standard/Ash/Ash 6.prefab using Guid(6f544b3904ee31b45841cdb0fb1f9c15) Importer(2089858483,192608db42251d675da83286b1cce702) (ScriptedImporter) -> (artifact id: '7ee67f71be7711251c594cb1a8c21f2c') in 0.1157681 seconds
Number of updated asset objects reloaded before import = 0Number of asset objects unloaded after import = 70

========================================================================
Received Import Request.
  Time since last request: 0.000066 seconds.
  path: Assets/Realistic Tree/Prefabs/HDRP/Ash/The Great Ash Tree.prefab
  artifactKey: Guid(366edcb6f8acaa24a959e7f443a4f60e) Importer(2089858483,192608db42251d675da83286b1cce702)
Start importing Assets/Realistic Tree/Prefabs/HDRP/Ash/The Great Ash Tree.prefab using Guid(366edcb6f8acaa24a959e7f443a4f60e) Importer(2089858483,192608db42251d675da83286b1cce702) (ScriptedImporter) -> (artifact id: '761df0c6b779ecd67785a6dd07682f32') in 0.8845096 seconds
Number of updated asset objects reloaded before import = 0Number of asset objects unloaded after import = 70

========================================================================
Received Import Request.
  Time since last request: 0.000070 seconds.
  path: Assets/Realistic Tree/Demo Scene/Demo_Scene_URP.unity
  artifactKey: Guid(2ec7779e62935c541abc872a0344f28a) Importer(2089858483,192608db42251d675da83286b1cce702)
Start importing Assets/Realistic Tree/Demo Scene/Demo_Scene_URP.unity using Guid(2ec7779e62935c541abc872a0344f28a) Importer(2089858483,192608db42251d675da83286b1cce702) (ScriptedImporter) -> (artifact id: 'f3297557c1be3b127c209235abcd44b8') in 0.4853623 seconds
Number of updated asset objects reloaded before import = 0Number of asset objects unloaded after import = 1

========================================================================
Received Import Request.
  Time since last request: 0.000047 seconds.
  path: Assets/Realistic Tree/Prefabs/Standard/Weeping Willow/Weeping_Willow 2.prefab
  artifactKey: Guid(14949a7dcf78e414eb1b3e6addaa2905) Importer(2089858483,192608db42251d675da83286b1cce702)
Start importing Assets/Realistic Tree/Prefabs/Standard/Weeping Willow/Weeping_Willow 2.prefab using Guid(14949a7dcf78e414eb1b3e6addaa2905) Importer(2089858483,192608db42251d675da83286b1cce702) (ScriptedImporter) -> (artifact id: 'b4fa979ab15dcc49f66c2aa3216d64d2') in 1.1721465 seconds
Number of updated asset objects reloaded before import = 0Number of asset objects unloaded after import = 50

========================================================================
Received Import Request.
  Time since last request: 0.000030 seconds.
  path: Assets/Realistic Tree/Prefabs/HDRP/Spruce/Spruce Group 1.prefab
  artifactKey: Guid(f8e589e5b98c2644dad13cedd571de2c) Importer(2089858483,3d70f49cd1c2eb9ae422958d1c652c6b)
Start importing Assets/Realistic Tree/Prefabs/HDRP/Spruce/Spruce Group 1.prefab using Guid(f8e589e5b98c2644dad13cedd571de2c) Importer(2089858483,3d70f49cd1c2eb9ae422958d1c652c6b) (ScriptedImporter) -> (artifact id: '6c80e7ace5e15044b6886c7f457ac2cb') in 1.2218166 seconds
Number of updated asset objects reloaded before import = 0Number of asset objects unloaded after import = 125

========================================================================
Received Import Request.
  Time since last request: 0.000048 seconds.
  path: Assets/Realistic Tree/Prefabs/URP/Birch/Birch 10.prefab
  artifactKey: Guid(630008e1b31fe954ab798b6059e44fe2) Importer(2089858483,3d70f49cd1c2eb9ae422958d1c652c6b)
Start importing Assets/Realistic Tree/Prefabs/URP/Birch/Birch 10.prefab using Guid(630008e1b31fe954ab798b6059e44fe2) Importer(2089858483,3d70f49cd1c2eb9ae422958d1c652c6b) (ScriptedImporter) -> (artifact id: 'cf951e0dc9ef94a0f34b28aa9ee0423f') in 0.844128 seconds
Number of updated asset objects reloaded before import = 0Number of asset objects unloaded after import = 91

========================================================================
Received Import Request.
  Time since last request: 0.000043 seconds.
  path: Assets/Realistic Tree/Prefabs/Standard/Birch/Birch 8.prefab
  artifactKey: Guid(db61dc2238d3c4a478c5a8f9a18be98f) Importer(2089858483,3d70f49cd1c2eb9ae422958d1c652c6b)
Start importing Assets/Realistic Tree/Prefabs/Standard/Birch/Birch 8.prefab using Guid(db61dc2238d3c4a478c5a8f9a18be98f) Importer(2089858483,3d70f49cd1c2eb9ae422958d1c652c6b) (ScriptedImporter) -> (artifact id: '4347a82ccb7e5b7ea2e9d1ec9934de52') in 0.0810127 seconds
Number of updated asset objects reloaded before import = 0Number of asset objects unloaded after import = 126

========================================================================
Received Import Request.
  Time since last request: 0.000057 seconds.
  path: Assets/Realistic Tree/Prefabs/URP/Chestnut/Chestnut 5.prefab
  artifactKey: Guid(0a37a79028ba9924a819af7ab8357711) Importer(2089858483,3d70f49cd1c2eb9ae422958d1c652c6b)
Start importing Assets/Realistic Tree/Prefabs/URP/Chestnut/Chestnut 5.prefab using Guid(0a37a79028ba9924a819af7ab8357711) Importer(2089858483,3d70f49cd1c2eb9ae422958d1c652c6b) (ScriptedImporter) -> (artifact id: 'c36c4edf969b642eba570d2fb0f524e9') in 0.0555804 seconds
Number of updated asset objects reloaded before import = 0Number of asset objects unloaded after import = 201

========================================================================
Received Import Request.
  Time since last request: 0.000039 seconds.
  path: Assets/Settings/Mobile_Renderer.asset
  artifactKey: Guid(65bc7dbf4170f435aa868c779acfb082) Importer(2089858483,3d70f49cd1c2eb9ae422958d1c652c6b)
Start importing Assets/Settings/Mobile_Renderer.asset using Guid(65bc7dbf4170f435aa868c779acfb082) Importer(2089858483,3d70f49cd1c2eb9ae422958d1c652c6b) (ScriptedImporter) -> (artifact id: '8cb49d5b1a64f0e3b18c524f4103788c') in 0.0091642 seconds
Number of updated asset objects reloaded before import = 0Number of asset objects unloaded after import = 0

========================================================================
Received Import Request.
  Time since last request: 0.000033 seconds.
  path: Assets/Realistic Tree/Prefabs/HDRP/Ash/Ash 5.prefab
  artifactKey: Guid(0ec898abd07c1fe4f8f81609640390ac) Importer(2089858483,192608db42251d675da83286b1cce702)
Start importing Assets/Realistic Tree/Prefabs/HDRP/Ash/Ash 5.prefab using Guid(0ec898abd07c1fe4f8f81609640390ac) Importer(2089858483,192608db42251d675da83286b1cce702) (ScriptedImporter) -> (artifact id: '11a314de3587011e68319be5409231d4') in 0.0581493 seconds
Number of updated asset objects reloaded before import = 0Number of asset objects unloaded after import = 70

========================================================================
Received Import Request.
  Time since last request: 0.000048 seconds.
  path: Assets/Realistic Tree/Prefabs/URP/Chestnut/Chestnut 6.prefab
  artifactKey: Guid(43d33c55046b8e6498be1b030c29b239) Importer(2089858483,3d70f49cd1c2eb9ae422958d1c652c6b)
Start importing Assets/Realistic Tree/Prefabs/URP/Chestnut/Chestnut 6.prefab using Guid(43d33c55046b8e6498be1b030c29b239) Importer(2089858483,3d70f49cd1c2eb9ae422958d1c652c6b) (ScriptedImporter) -> (artifact id: '3f6c31bf48b55ed3560e3ede831a5fa8') in 0.044952 seconds
Number of updated asset objects reloaded before import = 0Number of asset objects unloaded after import = 201

========================================================================
Received Import Request.
  Time since last request: 0.000064 seconds.
  path: Assets/Settings/DefaultVolumeProfile.asset
  artifactKey: Guid(ab09877e2e707104187f6f83e2f62510) Importer(2089858483,3d70f49cd1c2eb9ae422958d1c652c6b)
Start importing Assets/Settings/DefaultVolumeProfile.asset using Guid(ab09877e2e707104187f6f83e2f62510) Importer(2089858483,3d70f49cd1c2eb9ae422958d1c652c6b) (ScriptedImporter) -> (artifact id: '8af5f61c8625a17f06dd9b80338edf02') in 0.0075609 seconds
Number of updated asset objects reloaded before import = 0Number of asset objects unloaded after import = 0

========================================================================
Received Import Request.
  Time since last request: 0.000035 seconds.
  path: Assets/Realistic Tree/Prefabs/Standard/Birch/Birch Group 3.prefab
  artifactKey: Guid(1afce9abf1692c24aace0498670b2902) Importer(2089858483,192608db42251d675da83286b1cce702)
Start importing Assets/Realistic Tree/Prefabs/Standard/Birch/Birch Group 3.prefab using Guid(1afce9abf1692c24aace0498670b2902) Importer(2089858483,192608db42251d675da83286b1cce702) (ScriptedImporter) -> (artifact id: 'e5c05e4f537dafbd0f7af2ec8826f894') in 0.0684167 seconds
Number of updated asset objects reloaded before import = 0Number of asset objects unloaded after import = 70

========================================================================
Received Import Request.
  Time since last request: 0.000083 seconds.
  path: Assets/Realistic Tree/Prefabs/Standard/Ash/Ash 3.prefab
  artifactKey: Guid(d289eea73b9410848b0b877f1076a27b) Importer(2089858483,3d70f49cd1c2eb9ae422958d1c652c6b)
Start importing Assets/Realistic Tree/Prefabs/Standard/Ash/Ash 3.prefab using Guid(d289eea73b9410848b0b877f1076a27b) Importer(2089858483,3d70f49cd1c2eb9ae422958d1c652c6b) (ScriptedImporter) -> (artifact id: '195d117bcf34b55821a58452e4a338d8') in 0.0414781 seconds
Number of updated asset objects reloaded before import = 0Number of asset objects unloaded after import = 126

========================================================================
Received Import Request.
  Time since last request: 0.000045 seconds.
  path: Assets/Realistic Tree/Prefabs/Standard/Weeping Willow/Weeping_Willow 6.prefab
  artifactKey: Guid(c94a30a9198defd47b6120ac8531f2d8) Importer(2089858483,192608db42251d675da83286b1cce702)
Start importing Assets/Realistic Tree/Prefabs/Standard/Weeping Willow/Weeping_Willow 6.prefab using Guid(c94a30a9198defd47b6120ac8531f2d8) Importer(2089858483,192608db42251d675da83286b1cce702) (ScriptedImporter) -> (artifact id: '581c77b1a94f5d377b65ea47f28fc37b') in 0.0670437 seconds
Number of updated asset objects reloaded before import = 0Number of asset objects unloaded after import = 50

========================================================================
Received Import Request.
  Time since last request: 0.000049 seconds.
  path: Assets/Realistic Tree/Prefabs/HDRP/Weeping Willow/Weeping_Willow 7.prefab
  artifactKey: Guid(9bae0067de92b6d44b82e8c16026ddba) Importer(2089858483,192608db42251d675da83286b1cce702)
Start importing Assets/Realistic Tree/Prefabs/HDRP/Weeping Willow/Weeping_Willow 7.prefab using Guid(9bae0067de92b6d44b82e8c16026ddba) Importer(2089858483,192608db42251d675da83286b1cce702) (ScriptedImporter) -> (artifact id: '853ea546020e5ce7452186ecc90ba5b7') in 0.0597927 seconds
Number of updated asset objects reloaded before import = 0Number of asset objects unloaded after import = 50

========================================================================
Received Import Request.
  Time since last request: 0.000134 seconds.
  path: Assets/Realistic Tree/Prefabs/Standard/Ash/Ash 7.prefab
  artifactKey: Guid(e068dda4a5bb1b040b4492d6d560ba31) Importer(2089858483,3d70f49cd1c2eb9ae422958d1c652c6b)
Start importing Assets/Realistic Tree/Prefabs/Standard/Ash/Ash 7.prefab using Guid(e068dda4a5bb1b040b4492d6d560ba31) Importer(2089858483,3d70f49cd1c2eb9ae422958d1c652c6b) (ScriptedImporter) -> (artifact id: '70a7b8efe50c044743ec6bb5b9e4cdca') in 0.073442 seconds
Number of updated asset objects reloaded before import = 0Number of asset objects unloaded after import = 126

========================================================================
Received Import Request.
  Time since last request: 0.000066 seconds.
  path: Assets/Realistic Tree/Prefabs/HDRP/Birch/Birch Group 3.prefab
  artifactKey: Guid(e05c7807d9e5f6b46a4c94349742296e) Importer(2089858483,3d70f49cd1c2eb9ae422958d1c652c6b)
Start importing Assets/Realistic Tree/Prefabs/HDRP/Birch/Birch Group 3.prefab using Guid(e05c7807d9e5f6b46a4c94349742296e) Importer(2089858483,3d70f49cd1c2eb9ae422958d1c652c6b) (ScriptedImporter) -> (artifact id: 'e75c2a3b6d67efeb7fc17513fb11a6b2') in 0.058596 seconds
Number of updated asset objects reloaded before import = 0Number of asset objects unloaded after import = 128

========================================================================
Received Import Request.
  Time since last request: 0.000075 seconds.
  path: Assets/Settings/PC_Renderer.asset
  artifactKey: Guid(f288ae1f4751b564a96ac7587541f7a2) Importer(2089858483,3d70f49cd1c2eb9ae422958d1c652c6b)
Start importing Assets/Settings/PC_Renderer.asset using Guid(f288ae1f4751b564a96ac7587541f7a2) Importer(2089858483,3d70f49cd1c2eb9ae422958d1c652c6b) (ScriptedImporter) -> (artifact id: 'b91ee46453bddf51b8b2a54df594d131') in 0.0098435 seconds
Number of updated asset objects reloaded before import = 0Number of asset objects unloaded after import = 0

========================================================================
Received Import Request.
  Time since last request: 0.000039 seconds.
  path: Assets/Realistic Tree/Prefabs/Standard/Chestnut/Chestnut 4.prefab
  artifactKey: Guid(fd7e122ecf175974fb367bcffbd16ba1) Importer(2089858483,3d70f49cd1c2eb9ae422958d1c652c6b)
Start importing Assets/Realistic Tree/Prefabs/Standard/Chestnut/Chestnut 4.prefab using Guid(fd7e122ecf175974fb367bcffbd16ba1) Importer(2089858483,3d70f49cd1c2eb9ae422958d1c652c6b) (ScriptedImporter) -> (artifact id: 'a646360a05ebe23e17c6427c5525a0c2') in 0.0632644 seconds
Number of updated asset objects reloaded before import = 0Number of asset objects unloaded after import = 163

========================================================================
Received Import Request.
  Time since last request: 0.000044 seconds.
  path: Assets/Realistic Tree/Prefabs/HDRP/Spruce/Spruce 10.prefab
  artifactKey: Guid(19f2ea08d89c7954699355e926a96439) Importer(2089858483,192608db42251d675da83286b1cce702)
Start importing Assets/Realistic Tree/Prefabs/HDRP/Spruce/Spruce 10.prefab using Guid(19f2ea08d89c7954699355e926a96439) Importer(2089858483,192608db42251d675da83286b1cce702) (ScriptedImporter) -> (artifact id: '228a7f127341b510db6ee549f26bc85d') in 0.0184422 seconds
Number of updated asset objects reloaded before import = 0Number of asset objects unloaded after import = 67

========================================================================
Received Import Request.
  Time since last request: 0.000064 seconds.
  path: Assets/Realistic Tree/Prefabs/URP/Spruce/Spruce 9.prefab
  artifactKey: Guid(09d870b9c6c78ab42b89e0e94120bc08) Importer(2089858483,3d70f49cd1c2eb9ae422958d1c652c6b)
Start importing Assets/Realistic Tree/Prefabs/URP/Spruce/Spruce 9.prefab using Guid(09d870b9c6c78ab42b89e0e94120bc08) Importer(2089858483,3d70f49cd1c2eb9ae422958d1c652c6b) (ScriptedImporter) -> (artifact id: '939f3283b1b172e6b01ae71e02754beb') in 0.0531563 seconds
Number of updated asset objects reloaded before import = 0Number of asset objects unloaded after import = 125

========================================================================
Received Import Request.
  Time since last request: 0.000046 seconds.
  path: Assets/Realistic Tree/Prefabs/HDRP/Spruce/Spruce 3.prefab
  artifactKey: Guid(c79fb44d57b2509498447d7b40987f98) Importer(2089858483,192608db42251d675da83286b1cce702)
Start importing Assets/Realistic Tree/Prefabs/HDRP/Spruce/Spruce 3.prefab using Guid(c79fb44d57b2509498447d7b40987f98) Importer(2089858483,192608db42251d675da83286b1cce702) (ScriptedImporter) -> (artifact id: '868dd10636c2797bb85df5bd0288ffe5') in 0.0260998 seconds
Number of updated asset objects reloaded before import = 0Number of asset objects unloaded after import = 67

========================================================================
Received Import Request.
  Time since last request: 0.000159 seconds.
  path: Assets/New Terrain.asset
  artifactKey: Guid(a0b746ca1f472b84ea75472082c424a0) Importer(2089858483,3d70f49cd1c2eb9ae422958d1c652c6b)
Start importing Assets/New Terrain.asset using Guid(a0b746ca1f472b84ea75472082c424a0) Importer(2089858483,3d70f49cd1c2eb9ae422958d1c652c6b) (ScriptedImporter) -> (artifact id: '5f39e2800394a34828b964b3a9abe013') in 0.0544584 seconds
Number of updated asset objects reloaded before import = 0Number of asset objects unloaded after import = 0

========================================================================
Received Import Request.
  Time since last request: 0.000038 seconds.
  path: Assets/Realistic Tree/Prefabs/URP/Ash/Ash 8.prefab
  artifactKey: Guid(0a3312199122e69409623fdbdbe357d0) Importer(2089858483,192608db42251d675da83286b1cce702)
Start importing Assets/Realistic Tree/Prefabs/URP/Ash/Ash 8.prefab using Guid(0a3312199122e69409623fdbdbe357d0) Importer(2089858483,192608db42251d675da83286b1cce702) (ScriptedImporter) -> (artifact id: 'f9f8a422602a77dda6a360817f6ab399') in 0.0860006 seconds
Number of updated asset objects reloaded before import = 0Number of asset objects unloaded after import = 70

========================================================================
Received Import Request.
  Time since last request: 0.000042 seconds.
  path: Assets/Realistic Tree/Prefabs/HDRP/Birch/Birch 8.prefab
  artifactKey: Guid(f0a8b3e95a0d98440a39b75573742022) Importer(2089858483,192608db42251d675da83286b1cce702)
Start importing Assets/Realistic Tree/Prefabs/HDRP/Birch/Birch 8.prefab using Guid(f0a8b3e95a0d98440a39b75573742022) Importer(2089858483,192608db42251d675da83286b1cce702) (ScriptedImporter) -> (artifact id: 'ac91b5d736402800c2743108188fcece') in 0.0847012 seconds
Number of updated asset objects reloaded before import = 0Number of asset objects unloaded after import = 70

========================================================================
Received Import Request.
  Time since last request: 0.000063 seconds.
  path: Assets/Realistic Tree/Prefabs/Standard/Ash/Ash 1.prefab
  artifactKey: Guid(b705299bf721f4a4083e5c4f318c85f7) Importer(2089858483,192608db42251d675da83286b1cce702)
Start importing Assets/Realistic Tree/Prefabs/Standard/Ash/Ash 1.prefab using Guid(b705299bf721f4a4083e5c4f318c85f7) Importer(2089858483,192608db42251d675da83286b1cce702) (ScriptedImporter) -> (artifact id: '122d7a4ee259112cf3c52234b5123560') in 0.1249237 seconds
Number of updated asset objects reloaded before import = 0Number of asset objects unloaded after import = 70

========================================================================
Received Import Request.
  Time since last request: 0.000049 seconds.
  path: Assets/Realistic Tree/Prefabs/URP/Birch/Birch 9.prefab
  artifactKey: Guid(f16a6efbbe67d3b44999df7a32c32b27) Importer(2089858483,3d70f49cd1c2eb9ae422958d1c652c6b)
Start importing Assets/Realistic Tree/Prefabs/URP/Birch/Birch 9.prefab using Guid(f16a6efbbe67d3b44999df7a32c32b27) Importer(2089858483,3d70f49cd1c2eb9ae422958d1c652c6b) (ScriptedImporter) -> (artifact id: '48bb3a7f9ebcb7c555855b9f7c975e36') in 0.1516509 seconds
Number of updated asset objects reloaded before import = 0Number of asset objects unloaded after import = 128

========================================================================
Received Import Request.
  Time since last request: 0.000067 seconds.
  path: Assets/Realistic Tree/Prefabs/HDRP/Spruce/Spruce 1.prefab
  artifactKey: Guid(7f32996f16966b6469fdc6ee180bab04) Importer(2089858483,192608db42251d675da83286b1cce702)
Start importing Assets/Realistic Tree/Prefabs/HDRP/Spruce/Spruce 1.prefab using Guid(7f32996f16966b6469fdc6ee180bab04) Importer(2089858483,192608db42251d675da83286b1cce702) (ScriptedImporter) -> (artifact id: '3e85abe603d425cfd5a3f5eb286bec7b') in 0.0631385 seconds
Number of updated asset objects reloaded before import = 0Number of asset objects unloaded after import = 67

========================================================================
Received Import Request.
  Time since last request: 0.000039 seconds.
  path: Assets/Realistic Tree/Prefabs/HDRP/Birch/Birch 10.prefab
  artifactKey: Guid(17cb153d775652d42a9b61419234b045) Importer(2089858483,192608db42251d675da83286b1cce702)
Start importing Assets/Realistic Tree/Prefabs/HDRP/Birch/Birch 10.prefab using Guid(17cb153d775652d42a9b61419234b045) Importer(2089858483,192608db42251d675da83286b1cce702) (ScriptedImporter) -> (artifact id: '301f11d6c5c0f62df0ce255ada3e0e4b') in 0.0933529 seconds
Number of updated asset objects reloaded before import = 0Number of asset objects unloaded after import = 50

========================================================================
Received Import Request.
  Time since last request: 0.000059 seconds.
  path: Assets/Realistic Tree/Prefabs/HDRP/Weeping Willow/Weeping_Willow 4.prefab
  artifactKey: Guid(7bdfa64ad813fb04e99c936fcc46bd2b) Importer(2089858483,3d70f49cd1c2eb9ae422958d1c652c6b)
Start importing Assets/Realistic Tree/Prefabs/HDRP/Weeping Willow/Weeping_Willow 4.prefab using Guid(7bdfa64ad813fb04e99c936fcc46bd2b) Importer(2089858483,3d70f49cd1c2eb9ae422958d1c652c6b) (ScriptedImporter) -> (artifact id: '3dc32878a846f831e84e3bd0ac8cab0d') in 0.0531459 seconds
Number of updated asset objects reloaded before import = 0Number of asset objects unloaded after import = 91

========================================================================
Received Import Request.
  Time since last request: 0.000050 seconds.
  path: Assets/Realistic Tree/Prefabs/Standard/Weeping Willow/Weeping_Willow 6.prefab
  artifactKey: Guid(c94a30a9198defd47b6120ac8531f2d8) Importer(2089858483,3d70f49cd1c2eb9ae422958d1c652c6b)
Start importing Assets/Realistic Tree/Prefabs/Standard/Weeping Willow/Weeping_Willow 6.prefab using Guid(c94a30a9198defd47b6120ac8531f2d8) Importer(2089858483,3d70f49cd1c2eb9ae422958d1c652c6b) (ScriptedImporter) -> (artifact id: '6edf4c6ea0822874b54a8326c0d31d57') in 0.0348239 seconds
Number of updated asset objects reloaded before import = 0Number of asset objects unloaded after import = 89

========================================================================
Received Import Request.
  Time since last request: 0.000072 seconds.
  path: Assets/Realistic Tree/Prefabs/URP/Spruce/Spruce Group 3.prefab
  artifactKey: Guid(42f7bc8ca38e61d4d82bcd9aad3f0d73) Importer(2089858483,192608db42251d675da83286b1cce702)
Start importing Assets/Realistic Tree/Prefabs/URP/Spruce/Spruce Group 3.prefab using Guid(42f7bc8ca38e61d4d82bcd9aad3f0d73) Importer(2089858483,192608db42251d675da83286b1cce702) (ScriptedImporter) -> (artifact id: '177866a0c24fd8c8e9c1b884352ab22f') in 0.0643599 seconds
Number of updated asset objects reloaded before import = 0Number of asset objects unloaded after import = 67

========================================================================
Received Import Request.
  Time since last request: 0.000049 seconds.
  path: Assets/Realistic Tree/Prefabs/URP/Ash/The Great Ash Tree.prefab
  artifactKey: Guid(43fc8139f33d4ff4c842012a7dc9fed4) Importer(2089858483,3d70f49cd1c2eb9ae422958d1c652c6b)
Start importing Assets/Realistic Tree/Prefabs/URP/Ash/The Great Ash Tree.prefab using Guid(43fc8139f33d4ff4c842012a7dc9fed4) Importer(2089858483,3d70f49cd1c2eb9ae422958d1c652c6b) (ScriptedImporter) -> (artifact id: '1f12d1ff7ec702d528478a097e1c2bee') in 0.1023813 seconds
Number of updated asset objects reloaded before import = 0Number of asset objects unloaded after import = 130

========================================================================
Received Import Request.
  Time since last request: 0.000062 seconds.
  path: Assets/Realistic Tree/Source/Models/Birch/Birch_5.fbx
  artifactKey: Guid(4bca85dec97f3b149b2fc28a269a436a) Importer(2089858483,192608db42251d675da83286b1cce702)
Start importing Assets/Realistic Tree/Source/Models/Birch/Birch_5.fbx using Guid(4bca85dec97f3b149b2fc28a269a436a) Importer(2089858483,192608db42251d675da83286b1cce702) (ScriptedImporter) -> (artifact id: 'e14bf6c211eab7ec7079656781f4530b') in 1.108552 seconds
Number of updated asset objects reloaded before import = 0Number of asset objects unloaded after import = 65

========================================================================
Received Import Request.
  Time since last request: 0.000047 seconds.
  path: Assets/Realistic Tree/Source/Models/Spruce/Spruce_10.fbx
  artifactKey: Guid(86bfe2293e793594d91ff52a51b72a79) Importer(2089858483,192608db42251d675da83286b1cce702)
Start importing Assets/Realistic Tree/Source/Models/Spruce/Spruce_10.fbx using Guid(86bfe2293e793594d91ff52a51b72a79) Importer(2089858483,192608db42251d675da83286b1cce702) (ScriptedImporter) -> (artifact id: 'e129ca53feadcd0fbf155d953ba41a7a') in 0.1433777 seconds
Number of updated asset objects reloaded before import = 0Number of asset objects unloaded after import = 65

========================================================================
Received Import Request.
  Time since last request: 0.000062 seconds.
  path: Assets/Realistic Tree/Prefabs/URP/Ash/Ash 8.prefab
  artifactKey: Guid(0a3312199122e69409623fdbdbe357d0) Importer(2089858483,3d70f49cd1c2eb9ae422958d1c652c6b)
Start importing Assets/Realistic Tree/Prefabs/URP/Ash/Ash 8.prefab using Guid(0a3312199122e69409623fdbdbe357d0) Importer(2089858483,3d70f49cd1c2eb9ae422958d1c652c6b) (ScriptedImporter) -> (artifact id: 'b3713c4b49a5b262672b905c86752aae') in 0.0480618 seconds
Number of updated asset objects reloaded before import = 0Number of asset objects unloaded after import = 128

========================================================================
Received Import Request.
  Time since last request: 0.000025 seconds.
  path: Assets/Realistic Tree/Source/Textures/Ash/Leaf_2.png
  artifactKey: Guid(30c74cc02a33ca243a2f565aac7c77d0) Importer(2089858483,192608db42251d675da83286b1cce702)
Start importing Assets/Realistic Tree/Source/Textures/Ash/Leaf_2.png using Guid(30c74cc02a33ca243a2f565aac7c77d0) Importer(2089858483,192608db42251d675da83286b1cce702) (ScriptedImporter) -> (artifact id: 'd8f7a49cb967b5911dfbc9da8bf7ab47') in 0.2067881 seconds
Number of updated asset objects reloaded before import = 0Number of asset objects unloaded after import = 1

========================================================================
Received Import Request.
  Time since last request: 0.000039 seconds.
  path: Assets/Realistic Tree/Source/Textures/Birch/Leaf_2.png
  artifactKey: Guid(23eee014aebfbc4489a7381dc26efd66) Importer(2089858483,192608db42251d675da83286b1cce702)
Start importing Assets/Realistic Tree/Source/Textures/Birch/Leaf_2.png using Guid(23eee014aebfbc4489a7381dc26efd66) Importer(2089858483,192608db42251d675da83286b1cce702) (ScriptedImporter) -> (artifact id: '29d2c48749174862ae0eb5e975fee4ec') in 0.2605517 seconds
Number of updated asset objects reloaded before import = 0Number of asset objects unloaded after import = 1

========================================================================
Received Import Request.
  Time since last request: 0.000046 seconds.
  path: Assets/Realistic Tree/Source/Textures/Spruce/Leaf_2.png
  artifactKey: Guid(b0499ea2a83909c479f10f314bbe7b6f) Importer(2089858483,192608db42251d675da83286b1cce702)
Start importing Assets/Realistic Tree/Source/Textures/Spruce/Leaf_2.png using Guid(b0499ea2a83909c479f10f314bbe7b6f) Importer(2089858483,192608db42251d675da83286b1cce702) (ScriptedImporter) -> (artifact id: '48062de6f06c0b007882d22b6d0e6686') in 0.176191 seconds
Number of updated asset objects reloaded before import = 0Number of asset objects unloaded after import = 1

========================================================================
Received Import Request.
  Time since last request: 0.000041 seconds.
  path: Assets/Realistic Tree/Source/Textures/Weeping Willow/Willow_Normal.png
  artifactKey: Guid(ae1000f7377aa5e4fb61e9dec4d2dfc0) Importer(2089858483,192608db42251d675da83286b1cce702)
Start importing Assets/Realistic Tree/Source/Textures/Weeping Willow/Willow_Normal.png using Guid(ae1000f7377aa5e4fb61e9dec4d2dfc0) Importer(2089858483,192608db42251d675da83286b1cce702) (ScriptedImporter) -> (artifact id: 'a65285991dc030492515a40e19ec5738') in 0.5441171 seconds
Number of updated asset objects reloaded before import = 0Number of asset objects unloaded after import = 1

========================================================================
Received Import Request.
  Time since last request: 0.000072 seconds.
  path: Assets/Realistic Tree/Source/Materials/Standard/Bark/Bark_Willow.mat
  artifactKey: Guid(2e0268000557ddd4ca699b650c82603a) Importer(2089858483,192608db42251d675da83286b1cce702)
Start importing Assets/Realistic Tree/Source/Materials/Standard/Bark/Bark_Willow.mat using Guid(2e0268000557ddd4ca699b650c82603a) Importer(2089858483,192608db42251d675da83286b1cce702) (ScriptedImporter) -> (artifact id: '3eb5be108d6ed1fd6f261512a4593762') in 0.4494194 seconds
Number of updated asset objects reloaded before import = 0Number of asset objects unloaded after import = 3

========================================================================
Received Import Request.
  Time since last request: 0.000038 seconds.
  path: Assets/Realistic Tree/Source/Materials/Standard/Falling Leaves/Weeping_Single.png
  artifactKey: Guid(e0a01900351db1c488d4b166790d9a41) Importer(2089858483,192608db42251d675da83286b1cce702)
Start importing Assets/Realistic Tree/Source/Materials/Standard/Falling Leaves/Weeping_Single.png using Guid(e0a01900351db1c488d4b166790d9a41) Importer(2089858483,192608db42251d675da83286b1cce702) (ScriptedImporter) -> (artifact id: '924f2240369fec4d12436adbd04f100f') in 0.3046977 seconds
Number of updated asset objects reloaded before import = 0Number of asset objects unloaded after import = 1

========================================================================
Received Import Request.
  Time since last request: 0.000065 seconds.
  path: Assets/Realistic Tree/Source/Materials/URP/Falling Leaves/Ash_Single.png
  artifactKey: Guid(9bb9d8116f9401946a9d73ca352728d6) Importer(2089858483,192608db42251d675da83286b1cce702)
Start importing Assets/Realistic Tree/Source/Materials/URP/Falling Leaves/Ash_Single.png using Guid(9bb9d8116f9401946a9d73ca352728d6) Importer(2089858483,192608db42251d675da83286b1cce702) (ScriptedImporter) -> (artifact id: '00c775394cfb13584da9821de67189b8') in 0.063079 seconds
Number of updated asset objects reloaded before import = 0Number of asset objects unloaded after import = 1

========================================================================
Received Import Request.
  Time since last request: 0.000043 seconds.
  path: Assets/Realistic Tree/Prefabs/HDRP/Weeping Willow/Weeping_Willow 3.prefab
  artifactKey: Guid(3c8b184950b283d4bba65fb105f8f1ab) Importer(2089858483,192608db42251d675da83286b1cce702)
Start importing Assets/Realistic Tree/Prefabs/HDRP/Weeping Willow/Weeping_Willow 3.prefab using Guid(3c8b184950b283d4bba65fb105f8f1ab) Importer(2089858483,192608db42251d675da83286b1cce702) (ScriptedImporter) -> (artifact id: 'e0b7adc579a7c352f9ac1718f0f149ea') in 0.0865566 seconds
Number of updated asset objects reloaded before import = 0Number of asset objects unloaded after import = 50

========================================================================
Received Import Request.
  Time since last request: 0.000070 seconds.
  path: Assets/Realistic Tree/Source/Materials/HDRP/Leaves/Birch/Birch_Leaves_3.mat
  artifactKey: Guid(c8207fcb586d2974892c7469e3b10d17) Importer(2089858483,192608db42251d675da83286b1cce702)
Start importing Assets/Realistic Tree/Source/Materials/HDRP/Leaves/Birch/Birch_Leaves_3.mat using Guid(c8207fcb586d2974892c7469e3b10d17) Importer(2089858483,192608db42251d675da83286b1cce702) (ScriptedImporter) -> (artifact id: 'e78280992fa17ff6790e8a5c9c5d27f1') in 0.0293141 seconds
Number of updated asset objects reloaded before import = 0Number of asset objects unloaded after import = 3

========================================================================
Received Import Request.
  Time since last request: 0.000042 seconds.
  path: Assets/Realistic Tree/Prefabs/Standard/Spruce/Spruce Group 3.prefab
  artifactKey: Guid(110b3a1a445e11d4d80678c2a05fef11) Importer(2089858483,3d70f49cd1c2eb9ae422958d1c652c6b)
Start importing Assets/Realistic Tree/Prefabs/Standard/Spruce/Spruce Group 3.prefab using Guid(110b3a1a445e11d4d80678c2a05fef11) Importer(2089858483,3d70f49cd1c2eb9ae422958d1c652c6b) (ScriptedImporter) -> (artifact id: '37f73fd4e46e82ae11b5f2c62f5b8d1e') in 0.0558619 seconds
Number of updated asset objects reloaded before import = 0Number of asset objects unloaded after import = 123

========================================================================
Received Import Request.
  Time since last request: 0.000167 seconds.
  path: Assets/Realistic Tree/Source/Materials/Standard/Leaves/Weeping Willow/Weeping_Willow.mat
  artifactKey: Guid(e18eff11a301f9d44aa4ee329d2836fc) Importer(2089858483,192608db42251d675da83286b1cce702)
Start importing Assets/Realistic Tree/Source/Materials/Standard/Leaves/Weeping Willow/Weeping_Willow.mat using Guid(e18eff11a301f9d44aa4ee329d2836fc) Importer(2089858483,192608db42251d675da83286b1cce702) (ScriptedImporter) -> (artifact id: '4ecf5f46701334cb3188437a7f20d670') in 0.0362346 seconds
Number of updated asset objects reloaded before import = 0Number of asset objects unloaded after import = 2

========================================================================
Received Import Request.
  Time since last request: 0.000073 seconds.
  path: Assets/Realistic Tree/Source/Materials/Standard/Falling Leaves/URP/Weeping_Single.mat
  artifactKey: Guid(b17330b7342bf294a994a672fc4c9a33) Importer(2089858483,192608db42251d675da83286b1cce702)
Start importing Assets/Realistic Tree/Source/Materials/Standard/Falling Leaves/URP/Weeping_Single.mat using Guid(b17330b7342bf294a994a672fc4c9a33) Importer(2089858483,192608db42251d675da83286b1cce702) (ScriptedImporter) -> (artifact id: '8fc36f0986b7281f00a79823b4654b51') in 0.0229812 seconds
Number of updated asset objects reloaded before import = 0Number of asset objects unloaded after import = 1

========================================================================
Received Import Request.
  Time since last request: 0.000037 seconds.
  path: Assets/Realistic Tree/Source/Materials/Standard/Leaves/Spruce/Spruce_2.mat
  artifactKey: Guid(372cf8af7142f1841aad122fa35eebf0) Importer(2089858483,192608db42251d675da83286b1cce702)
Start importing Assets/Realistic Tree/Source/Materials/Standard/Leaves/Spruce/Spruce_2.mat using Guid(372cf8af7142f1841aad122fa35eebf0) Importer(2089858483,192608db42251d675da83286b1cce702) (ScriptedImporter) -> (artifact id: 'cbd7af4b69bed6f67b6cb8ab2f919e40') in 0.0202845 seconds
Number of updated asset objects reloaded before import = 0Number of asset objects unloaded after import = 2

========================================================================
Received Import Request.
  Time since last request: 0.000049 seconds.
  path: Assets/Realistic Tree/Source/Materials/URP/Leaves/Weeping Willow/Weeping_Willow_Small.mat
  artifactKey: Guid(4921172807d6f5c4ead7d2136fd2c440) Importer(2089858483,192608db42251d675da83286b1cce702)
Start importing Assets/Realistic Tree/Source/Materials/URP/Leaves/Weeping Willow/Weeping_Willow_Small.mat using Guid(4921172807d6f5c4ead7d2136fd2c440) Importer(2089858483,192608db42251d675da83286b1cce702) (ScriptedImporter) -> (artifact id: 'f5072dc9e6c9d7289136303d40793aa0') in 0.035645 seconds
Number of updated asset objects reloaded before import = 0Number of asset objects unloaded after import = 8

========================================================================
Received Import Request.
  Time since last request: 0.000063 seconds.
  path: Assets/Realistic Tree/Prefabs/HDRP/Weeping Willow/Weeping_Willow 6.prefab
  artifactKey: Guid(f9052794f974d9d4b92e68092ab92529) Importer(2089858483,192608db42251d675da83286b1cce702)
Start importing Assets/Realistic Tree/Prefabs/HDRP/Weeping Willow/Weeping_Willow 6.prefab using Guid(f9052794f974d9d4b92e68092ab92529) Importer(2089858483,192608db42251d675da83286b1cce702) (ScriptedImporter) -> (artifact id: '5ddb4160fa659784e58fdb516b3a705d') in 0.0848613 seconds
Number of updated asset objects reloaded before import = 0Number of asset objects unloaded after import = 50

========================================================================
Received Import Request.
  Time since last request: 0.000049 seconds.
  path: Assets/Realistic Tree/Prefabs/URP/Weeping Willow/Weeping_Willow 7.prefab
  artifactKey: Guid(11f41b79841e8084397607b8a0d001ba) Importer(2089858483,192608db42251d675da83286b1cce702)
Start importing Assets/Realistic Tree/Prefabs/URP/Weeping Willow/Weeping_Willow 7.prefab using Guid(11f41b79841e8084397607b8a0d001ba) Importer(2089858483,192608db42251d675da83286b1cce702) (ScriptedImporter) -> (artifact id: 'ce8b0e2b21e432e6f769a9528d663cce') in 0.1556126 seconds
Number of updated asset objects reloaded before import = 0Number of asset objects unloaded after import = 50

========================================================================
Received Import Request.
  Time since last request: 0.000063 seconds.
  path: Assets/Realistic Tree/Prefabs/URP/Chestnut/Chestnut 8.prefab
  artifactKey: Guid(c4b1d2c471aaff04898b4c566e7d08f2) Importer(2089858483,192608db42251d675da83286b1cce702)
Start importing Assets/Realistic Tree/Prefabs/URP/Chestnut/Chestnut 8.prefab using Guid(c4b1d2c471aaff04898b4c566e7d08f2) Importer(2089858483,192608db42251d675da83286b1cce702) (ScriptedImporter) -> (artifact id: '12db0f61fd3463de25490448c927ae8a') in 0.1212784 seconds
Number of updated asset objects reloaded before import = 0Number of asset objects unloaded after import = 110

========================================================================
Received Import Request.
  Time since last request: 0.000044 seconds.
  path: Assets/Realistic Tree/Source/Materials/URP/Falling Leaves/Chestnut_Single.mat
  artifactKey: Guid(f21de0a8cc649fa42b43ece37e8a2481) Importer(2089858483,192608db42251d675da83286b1cce702)
Start importing Assets/Realistic Tree/Source/Materials/URP/Falling Leaves/Chestnut_Single.mat using Guid(f21de0a8cc649fa42b43ece37e8a2481) Importer(2089858483,192608db42251d675da83286b1cce702) (ScriptedImporter) -> (artifact id: '72e068331ee9784b1e42cbccf5749ab8') in 0.0237481 seconds
Number of updated asset objects reloaded before import = 0Number of asset objects unloaded after import = 2

========================================================================
Received Import Request.
  Time since last request: 0.000058 seconds.
  path: Assets/Realistic Tree/Prefabs/Standard/Chestnut/Chestnut 7.prefab
  artifactKey: Guid(12bf62c2a5fd78f4697bb927d29bcbf0) Importer(2089858483,3d70f49cd1c2eb9ae422958d1c652c6b)
Start importing Assets/Realistic Tree/Prefabs/Standard/Chestnut/Chestnut 7.prefab using Guid(12bf62c2a5fd78f4697bb927d29bcbf0) Importer(2089858483,3d70f49cd1c2eb9ae422958d1c652c6b) (ScriptedImporter) -> (artifact id: 'b95f2a899abbb00ddddd84dbe84d2ccc') in 0.0589673 seconds
Number of updated asset objects reloaded before import = 0Number of asset objects unloaded after import = 199

========================================================================
Received Import Request.
  Time since last request: 0.000048 seconds.
  path: Assets/Realistic Tree/Source/Materials/HDRP/Falling Leaves/Chestnut_Single.png
  artifactKey: Guid(ce42dbc08c3689145a14da196e3e9ddb) Importer(2089858483,192608db42251d675da83286b1cce702)
Start importing Assets/Realistic Tree/Source/Materials/HDRP/Falling Leaves/Chestnut_Single.png using Guid(ce42dbc08c3689145a14da196e3e9ddb) Importer(2089858483,192608db42251d675da83286b1cce702) (ScriptedImporter) -> (artifact id: '1cbf52f3e9d1b76a1ad6a84fe05e2f57') in 0.0352124 seconds
Number of updated asset objects reloaded before import = 0Number of asset objects unloaded after import = 1

========================================================================
Received Import Request.
  Time since last request: 0.000054 seconds.
  path: Assets/Realistic Tree/Prefabs/Standard/Birch/Birch 1.prefab
  artifactKey: Guid(617dd519e2d012a4e92fdf45b5b1f888) Importer(2089858483,192608db42251d675da83286b1cce702)
Start importing Assets/Realistic Tree/Prefabs/Standard/Birch/Birch 1.prefab using Guid(617dd519e2d012a4e92fdf45b5b1f888) Importer(2089858483,192608db42251d675da83286b1cce702) (ScriptedImporter) -> (artifact id: 'b0006e268404bf1dcf97b14322c8e856') in 0.1242061 seconds
Number of updated asset objects reloaded before import = 0Number of asset objects unloaded after import = 70

========================================================================
Received Import Request.
  Time since last request: 0.000048 seconds.
  path: Assets/Realistic Tree/Prefabs/HDRP/Weeping Willow/Weeping_Willow 2.prefab
  artifactKey: Guid(a771c7bc05f22a74e817acd184b2d61e) Importer(2089858483,3d70f49cd1c2eb9ae422958d1c652c6b)
Start importing Assets/Realistic Tree/Prefabs/HDRP/Weeping Willow/Weeping_Willow 2.prefab using Guid(a771c7bc05f22a74e817acd184b2d61e) Importer(2089858483,3d70f49cd1c2eb9ae422958d1c652c6b) (ScriptedImporter) -> (artifact id: 'ec79d096fc23fb970d71d51959474319') in 0.0477346 seconds
Number of updated asset objects reloaded before import = 0Number of asset objects unloaded after import = 91

========================================================================
Received Import Request.
  Time since last request: 0.000295 seconds.
  path: Assets/Realistic Tree/Prefabs/HDRP/Birch/Birch Group 3.prefab
  artifactKey: Guid(e05c7807d9e5f6b46a4c94349742296e) Importer(2089858483,192608db42251d675da83286b1cce702)
Start importing Assets/Realistic Tree/Prefabs/HDRP/Birch/Birch Group 3.prefab using Guid(e05c7807d9e5f6b46a4c94349742296e) Importer(2089858483,192608db42251d675da83286b1cce702) (ScriptedImporter) -> (artifact id: '1b978c9032911c2dccefb0b857875172') in 0.134514 seconds
Number of updated asset objects reloaded before import = 0Number of asset objects unloaded after import = 70

Editor requested this worker to shutdown with reason: balancing worker count downwards
AssetImportWorker is now disconnected from the server
Process exiting
Exiting without the bug reporter. Application will terminate with return code 0