[Licensing::Module] Trying to connect to existing licensing client channel...
Built from '6000.2/staging' branch; Version is '6000.2.12f1 (e89d5df0e333) revision 15244637'; Using compiler version '194234433'; Build Type 'Release'
OS: 'Windows 11  (10.0.26100) 64bit Core' Language: 'en' Physical Memory: 15942 MB
BatchMode: 1, IsHumanControllingUs: 0, StartBugReporterOnCrash: 0, Is64bit: 1
Date: 2025-12-02T12:35:23Z
[Licensing::IpcConnector] Successfully connected to: "LicenseClient-assel" at "2025-12-02T12:35:23.108522Z"

COMMAND LINE ARGUMENTS:
C:\Program Files\Unity\Hub\Editor\6000.2.12f1\Editor\Unity.exe
-adb2
-batchMode
-noUpm
-name
AssetImportWorker14
-projectPath
C:/Users/assel/skuska
-logFile
Logs/AssetImportWorker14.log
-srvPort
51994
-job-worker-count
5
-background-job-worker-count
8
-gc-helper-count
1
-name
AssetImport
Successfully changed project path to: C:/Users/assel/skuska
C:/Users/assel/skuska
[UnityMemory] Configuration Parameters - Can be set up in boot.config
    "memorysetup-allocator-temp-initial-block-size-main=262144"
    "memorysetup-allocator-temp-initial-block-size-worker=262144"
    "memorysetup-bucket-allocator-granularity=16"
    "memorysetup-bucket-allocator-bucket-count=8"
    "memorysetup-bucket-allocator-block-size=33554432"
    "memorysetup-bucket-allocator-block-count=8"
    "memorysetup-main-allocator-block-size=16777216"
    "memorysetup-thread-allocator-block-size=16777216"
    "memorysetup-gfx-main-allocator-block-size=16777216"
    "memorysetup-gfx-thread-allocator-block-size=16777216"
    "memorysetup-cache-allocator-block-size=4194304"
    "memorysetup-typetree-allocator-block-size=2097152"
    "memorysetup-profiler-bucket-allocator-granularity=16"
    "memorysetup-profiler-bucket-allocator-bucket-count=8"
    "memorysetup-profiler-bucket-allocator-block-size=33554432"
    "memorysetup-profiler-bucket-allocator-block-count=8"
    "memorysetup-profiler-allocator-block-size=16777216"
    "memorysetup-profiler-editor-allocator-block-size=1048576"
    "memorysetup-temp-allocator-size-main=16777216"
    "memorysetup-job-temp-allocator-block-size=2097152"
    "memorysetup-job-temp-allocator-block-size-background=1048576"
    "memorysetup-job-temp-allocator-reduction-small-platforms=262144"
    "memorysetup-temp-allocator-size-background-worker=32768"
    "memorysetup-temp-allocator-size-job-worker=262144"
    "memorysetup-temp-allocator-size-preload-manager=33554432"
    "memorysetup-temp-allocator-size-nav-mesh-worker=65536"
    "memorysetup-temp-allocator-size-audio-worker=65536"
    "memorysetup-temp-allocator-size-cloud-worker=32768"
    "memorysetup-temp-allocator-size-gi-baking-worker=262144"
    "memorysetup-temp-allocator-size-gi-baking-worker=262144"
    "memorysetup-temp-allocator-size-gi-baking-worker=262144"
    "memorysetup-temp-allocator-size-gi-baking-worker=262144"
    "memorysetup-temp-allocator-size-gi-baking-worker=262144"
    "memorysetup-temp-allocator-size-gfx=262144"
Player connection [10048]  Target information:

Player connection [10048]  * "[IP] 192.168.1.3 [Port] 0 [Flags] 2 [Guid] 2948972985 [EditorId] 2948972985 [Version] 1048832 [Id] WindowsEditor(7,ASSEL) [Debug] 1 [PackageName] WindowsEditor [ProjectName] Editor" 

Player connection [10048]  * "[IP] 10.10.30.95 [Port] 0 [Flags] 2 [Guid] 2948972985 [EditorId] 2948972985 [Version] 1048832 [Id] WindowsEditor(7,ASSEL) [Debug] 1 [PackageName] WindowsEditor [ProjectName] Editor" 

Player connection [10048] Host joined multi-casting on [225.0.0.222:54997]...
Player connection [10048] Host joined alternative multi-casting on [225.0.0.222:34997]...
JobSystem: Creating JobQueue using job-worker-count value 5
Input System module state changed to: Initialized.
[Physics::Module] Initialized fallback backend.
[Physics::Module] Id: 0xdecafbad
Library Redirect Path: Library/
[Physics::Module] Selected backend.
[Physics::Module] Name: PhysX
[Physics::Module] Id: 0xf2b8ea05
[Physics::Module] SDK Version: 4.1.2
[Physics::Module] Integration Version: 1.0.0
[Physics::Module] Threading Mode: Multi-Threaded
Refreshing native plugins compatible for Editor in 7.01 ms, found 3 plugins.
Preloading 0 native plugins for Editor in 0.00 ms.
Initialize engine version: 6000.2.12f1 (e89d5df0e333)
[Subsystems] Discovering subsystems at path C:/Program Files/Unity/Hub/Editor/6000.2.12f1/Editor/Data/Resources/UnitySubsystems
[Subsystems] Discovering subsystems at path C:/Users/assel/skuska/Assets
GfxDevice: creating device client; kGfxThreadingModeNonThreaded
Direct3D:
    Version:  Direct3D 11.0 [level 11.1]
    Renderer: Intel(R) Iris(R) Xe Graphics (ID=0x46a8)
    Vendor:   Intel
    VRAM:     7971 MB
    Driver:   31.0.101.5333
Initialize mono
Mono path[0] = 'C:/Program Files/Unity/Hub/Editor/6000.2.12f1/Editor/Data/Managed'
Mono path[1] = 'C:/Program Files/Unity/Hub/Editor/6000.2.12f1/Editor/Data/MonoBleedingEdge/lib/mono/unityjit-win32'
Mono config path = 'C:/Program Files/Unity/Hub/Editor/6000.2.12f1/Editor/Data/MonoBleedingEdge/etc'
Using monoOptions --debugger-agent=transport=dt_socket,embedding=1,server=y,suspend=n,address=127.0.0.1:56056
Begin MonoManager ReloadAssembly
Registering precompiled unity dll's ...
Register platform support module: C:/Program Files/Unity/Hub/Editor/6000.2.12f1/Editor/Data/PlaybackEngines/WindowsStandaloneSupport/UnityEditor.WindowsStandalone.Extensions.dll
[Licensing::Module] Licensing is not yet initialized.
[Licensing::Client] Error: HandshakeResponse reported an error:
	ResponseCode: 505
	ResponseStatus: Unsupported protocol version '1.17.4'.
[Licensing::Module] Error: Failed to handshake to channel: "LicenseClient-assel"
[Licensing::IpcConnector] LicenseClient-assel channel disconnected successfully.
[Licensing::IpcConnector] Successfully connected to: "LicenseClient-assel-6000.2.12" at "2025-12-02T12:35:25.8800364Z"
[Licensing::Client] Handshaking with LicensingClient:
  Version:                 1.17.4+4293ba1
  Session Id:              e5cb4f4719d14b26be90d43f63c24470
  Correlation Id:          7ea788e771f1b0e8de18aab6f5011f5f
  External correlation Id: 178370044260713505
  Machine Id:              06lnmavVSsKsGiaawoDn6YYoI+U=
[Licensing::Module] Successfully connected to LicensingClient on channel: "LicenseClient-assel-6000.2.12" (connect: 0.00s, validation: 0.00s, handshake: 3.17s)
[Licensing::IpcConnector] Successfully connected to: "LicenseClient-assel-6000.2.12-notifications" at "2025-12-02T12:35:29.058645Z"
[Licensing::Module] Licensing Background thread has ended after 5.95s
[Licensing::Module] Licensing is initialized (took 4.87s).
[Licensing::Client] Successfully resolved entitlement details
[Licensing::Module] License group:
  Id: 7972514418693-assel_syzdykova-UnityProStuXXXX
  Product: Unity Student
  Type: Assigned
  Expiration: 2026-11-16T12:54:31Z
Register platform support module: C:/Program Files/Unity/Hub/Editor/6000.2.12f1/Editor/Data/PlaybackEngines/MetroSupport/UnityEditor.UWP.Extensions.dll
[Licensing::Client] Successfully resolved entitlement details
Register platform support module: C:/Program Files/Unity/Hub/Editor/6000.2.12f1/Editor/Data/PlaybackEngines/AndroidPlayer/UnityEditor.Android.Extensions.dll
Registered in 4.890135 seconds.
- Loaded All Assemblies, in  5.931 seconds
Native extension for Android target not found
Android Extension - Scanning For ADB Devices 867 ms
Native extension for UWP target not found
Native extension for WindowsStandalone target not found
Mono: successfully reloaded assembly
- Finished resetting the current domain, in  1.912 seconds
Domain Reload Profiling: 7838ms
	BeginReloadAssembly (275ms)
		ExecutionOrderSort (0ms)
		DisableScriptedObjects (0ms)
		BackupInstance (0ms)
		ReleaseScriptingObjects (0ms)
		CreateAndSetChildDomain (2ms)
	RebuildCommonClasses (72ms)
	RebuildNativeTypeToScriptingClass (18ms)
	initialDomainReloadingComplete (4982ms)
	LoadAllAssembliesAndSetupDomain (578ms)
		LoadAssemblies (272ms)
		RebuildTransferFunctionScriptingTraits (0ms)
		AnalyzeDomain (568ms)
			TypeCache.Refresh (563ms)
				TypeCache.ScanAssembly (536ms)
			BuildScriptInfoCaches (0ms)
			ResolveRequiredComponents (1ms)
	FinalizeReload (1913ms)
		ReleaseScriptCaches (0ms)
		RebuildScriptCaches (0ms)
		SetupLoadedEditorAssemblies (1814ms)
			LogAssemblyErrors (0ms)
			InitializePlatformSupportModulesInManaged (1251ms)
			SetLoadedEditorAssemblies (7ms)
			BeforeProcessingInitializeOnLoad (143ms)
			ProcessInitializeOnLoadAttributes (276ms)
			ProcessInitializeOnLoadMethodAttributes (136ms)
			AfterProcessingInitializeOnLoad (0ms)
			EditorAssembliesLoaded (0ms)
		ExecutionOrderSort2 (0ms)
		AwakeInstancesAfterBackupRestoration (0ms)
========================================================================
Worker process is ready to serve import requests
Import Worker Mode flag is 0x00
Begin MonoManager ReloadAssembly
[Licensing::Client] Successfully resolved entitlement details
- Loaded All Assemblies, in  2.055 seconds
Refreshing native plugins compatible for Editor in 1.98 ms, found 3 plugins.
Native extension for Android target not found
Native extension for UWP target not found
Native extension for WindowsStandalone target not found
Package Manager log level set to [2]
[Package Manager] Failed to launch server process. Reason: Unity was launched with the -noUpm command-line argument
[Package Manager] Unable to send message (not connected to server process).
[Package Manager] Cannot connect to Unity Package Manager local server
Mono: successfully reloaded assembly
- Finished resetting the current domain, in  1.186 seconds
Domain Reload Profiling: 3224ms
	BeginReloadAssembly (444ms)
		ExecutionOrderSort (0ms)
		DisableScriptedObjects (12ms)
		BackupInstance (0ms)
		ReleaseScriptingObjects (0ms)
		CreateAndSetChildDomain (79ms)
	RebuildCommonClasses (95ms)
	RebuildNativeTypeToScriptingClass (21ms)
	initialDomainReloadingComplete (103ms)
	LoadAllAssembliesAndSetupDomain (1375ms)
		LoadAssemblies (1230ms)
		RebuildTransferFunctionScriptingTraits (0ms)
		AnalyzeDomain (361ms)
			TypeCache.Refresh (269ms)
				TypeCache.ScanAssembly (248ms)
			BuildScriptInfoCaches (75ms)
			ResolveRequiredComponents (12ms)
	FinalizeReload (1186ms)
		ReleaseScriptCaches (0ms)
		RebuildScriptCaches (0ms)
		SetupLoadedEditorAssemblies (886ms)
			LogAssemblyErrors (0ms)
			InitializePlatformSupportModulesInManaged (29ms)
			SetLoadedEditorAssemblies (6ms)
			BeforeProcessingInitializeOnLoad (192ms)
			ProcessInitializeOnLoadAttributes (581ms)
			ProcessInitializeOnLoadMethodAttributes (69ms)
			AfterProcessingInitializeOnLoad (9ms)
			EditorAssembliesLoaded (0ms)
		ExecutionOrderSort2 (0ms)
		AwakeInstancesAfterBackupRestoration (10ms)
Launched and connected shader compiler UnityShaderCompiler.exe after 0.04 seconds
Refreshing native plugins compatible for Editor in 2.70 ms, found 3 plugins.
Preloading 0 native plugins for Editor in 0.00 ms.
Unloading 14 Unused Serialized files (Serialized files now loaded: 0)
Unloading 6126 unused Assets / (3.8 MB). Loaded Objects now: 6845.
Memory consumption went from 136.4 MB to 132.6 MB.
Total: 21.725900 ms (FindLiveObjects: 1.073900 ms CreateObjectMapping: 1.002200 ms MarkObjects: 14.654400 ms  DeleteObjects: 4.990800 ms)

========================================================================
Received Import Request.
  Time since last request: 74399.337735 seconds.
  path: Assets/coniferous_forest/textures/leaves/T_sand.png
  artifactKey: Guid(7c6281b7ee619cc48bb51d59888b5f1e) Importer(2089858483,192608db42251d675da83286b1cce702)
Start importing Assets/coniferous_forest/textures/leaves/T_sand.png using Guid(7c6281b7ee619cc48bb51d59888b5f1e) Importer(2089858483,192608db42251d675da83286b1cce702) (ScriptedImporter)[Licensing::Client] Successfully resolved entitlement details
[Licensing::Client] Successfully resolved entitlement details
 -> (artifact id: '9852b15525dae6996ba8e9fe880dbef7') in 0.5457534 seconds
Number of updated asset objects reloaded before import = 0Number of asset objects unloaded after import = 1

========================================================================
Received Import Request.
  Time since last request: 0.000028 seconds.
  path: Assets/coniferous_forest/models/trees/SM_small_spruce.fbx
  artifactKey: Guid(5351b8728c9f72347a2bc0e98eee7bd6) Importer(2089858483,192608db42251d675da83286b1cce702)
Start importing Assets/coniferous_forest/models/trees/SM_small_spruce.fbx using Guid(5351b8728c9f72347a2bc0e98eee7bd6) Importer(2089858483,192608db42251d675da83286b1cce702) (ScriptedImporter) -> (artifact id: '599d045dfa4b80a8aa4edea5cae7f483') in 0.1005798 seconds
Number of updated asset objects reloaded before import = 0Number of asset objects unloaded after import = 7

========================================================================
Received Import Request.
  Time since last request: 0.000048 seconds.
  path: Assets/coniferous_forest/Prefabs/trees/SM_small_spruce_1.prefab
  artifactKey: Guid(f920325c25db23f45a277bacc19aefb3) Importer(2089858483,192608db42251d675da83286b1cce702)
Start importing Assets/coniferous_forest/Prefabs/trees/SM_small_spruce_1.prefab using Guid(f920325c25db23f45a277bacc19aefb3) Importer(2089858483,192608db42251d675da83286b1cce702) (ScriptedImporter) -> (artifact id: '4f8f03eedca741175255207c60d1c121') in 0.0221793 seconds
Number of updated asset objects reloaded before import = 0Number of asset objects unloaded after import = 15

========================================================================
Received Import Request.
  Time since last request: 0.000031 seconds.
  path: Assets/coniferous_forest/textures/leaves/Materials/poly_leaves_1.mat
  artifactKey: Guid(68a3945181a89a5478cbfdef2da21f61) Importer(2089858483,192608db42251d675da83286b1cce702)
Start importing Assets/coniferous_forest/textures/leaves/Materials/poly_leaves_1.mat using Guid(68a3945181a89a5478cbfdef2da21f61) Importer(2089858483,192608db42251d675da83286b1cce702) (ScriptedImporter) -> (artifact id: '2622ff4366c00655f21cceb32d17ad6e') in 0.0428921 seconds
Number of updated asset objects reloaded before import = 0Number of asset objects unloaded after import = 2

========================================================================
Received Import Request.
  Time since last request: 0.000036 seconds.
  path: Assets/coniferous_forest/Prefabs/plants/SM_grass_4.prefab
  artifactKey: Guid(19194aab4b956c5499daf8d707158e34) Importer(2089858483,192608db42251d675da83286b1cce702)
Start importing Assets/coniferous_forest/Prefabs/plants/SM_grass_4.prefab using Guid(19194aab4b956c5499daf8d707158e34) Importer(2089858483,192608db42251d675da83286b1cce702) (ScriptedImporter) -> (artifact id: '723764968975f82c2b4c25cda6547285') in 0.0258924 seconds
Number of updated asset objects reloaded before import = 0Number of asset objects unloaded after import = 14

========================================================================
Received Import Request.
  Time since last request: 0.000046 seconds.
  path: Assets/coniferous_forest/textures/plants/poly_long_grass.png
  artifactKey: Guid(89bf7858a716a3e4a9235e02ce12eb43) Importer(2089858483,192608db42251d675da83286b1cce702)
Start importing Assets/coniferous_forest/textures/plants/poly_long_grass.png using Guid(89bf7858a716a3e4a9235e02ce12eb43) Importer(2089858483,192608db42251d675da83286b1cce702) (ScriptedImporter) -> (artifact id: 'c663865ab2b5d4dceade6cddb79b5dc4') in 0.0194658 seconds
Number of updated asset objects reloaded before import = 0Number of asset objects unloaded after import = 1

========================================================================
Received Import Request.
  Time since last request: 0.000024 seconds.
  path: Assets/coniferous_forest/Prefabs/plants
  artifactKey: Guid(5f3f35fe8ba2da141a6b7e7dc5970fa1) Importer(2089858483,192608db42251d675da83286b1cce702)
Start importing Assets/coniferous_forest/Prefabs/plants using Guid(5f3f35fe8ba2da141a6b7e7dc5970fa1) Importer(2089858483,192608db42251d675da83286b1cce702) (ScriptedImporter) -> (artifact id: '832d83695869cc185572a9b2af338f7e') in 0.0066364 seconds
Number of updated asset objects reloaded before import = 0Number of asset objects unloaded after import = 1

========================================================================
Received Import Request.
  Time since last request: 0.000047 seconds.
  path: Assets/coniferous_forest/textures
  artifactKey: Guid(bbce351d6a1f98e45b488976f99354ef) Importer(2089858483,192608db42251d675da83286b1cce702)
Start importing Assets/coniferous_forest/textures using Guid(bbce351d6a1f98e45b488976f99354ef) Importer(2089858483,192608db42251d675da83286b1cce702) (ScriptedImporter) -> (artifact id: '83a541ca6077b94f27ba9693d5ab1972') in 0.0044562 seconds
Number of updated asset objects reloaded before import = 0Number of asset objects unloaded after import = 1

========================================================================
Received Import Request.
  Time since last request: 0.000038 seconds.
  path: Assets/coniferous_forest/Prefabs/plants/SM_cattail.prefab
  artifactKey: Guid(05ee8d7152ebf66478d384fbda7980d0) Importer(2089858483,192608db42251d675da83286b1cce702)
Start importing Assets/coniferous_forest/Prefabs/plants/SM_cattail.prefab using Guid(05ee8d7152ebf66478d384fbda7980d0) Importer(2089858483,192608db42251d675da83286b1cce702) (ScriptedImporter) -> (artifact id: 'cf689f625855569e379bdeaf0c739b91') in 0.017784 seconds
Number of updated asset objects reloaded before import = 0Number of asset objects unloaded after import = 14

========================================================================
Received Import Request.
  Time since last request: 0.000030 seconds.
  path: Assets/coniferous_forest/Prefabs/plants/SM_bush_1 (1).prefab
  artifactKey: Guid(6db2073b403fcc74c84b3584937b8683) Importer(2089858483,192608db42251d675da83286b1cce702)
Start importing Assets/coniferous_forest/Prefabs/plants/SM_bush_1 (1).prefab using Guid(6db2073b403fcc74c84b3584937b8683) Importer(2089858483,192608db42251d675da83286b1cce702) (ScriptedImporter) -> (artifact id: '9ca10b238051db69ef345961a8778647') in 0.012519 seconds
Number of updated asset objects reloaded before import = 0Number of asset objects unloaded after import = 14

========================================================================
Received Import Request.
  Time since last request: 0.000034 seconds.
  path: Assets/coniferous_forest/textures/plants/Materials/poly_long_grass.mat
  artifactKey: Guid(09386c4d76454ee4594d521e8e6d433d) Importer(2089858483,192608db42251d675da83286b1cce702)
Start importing Assets/coniferous_forest/textures/plants/Materials/poly_long_grass.mat using Guid(09386c4d76454ee4594d521e8e6d433d) Importer(2089858483,192608db42251d675da83286b1cce702) (ScriptedImporter) -> (artifact id: '349107fc65230a9e565908f0fa7d5aa2') in 0.0109608 seconds
Number of updated asset objects reloaded before import = 0Number of asset objects unloaded after import = 2

========================================================================
Received Import Request.
  Time since last request: 0.000052 seconds.
  path: Assets/coniferous_forest/models/plants/SM_tree_sprout.fbx
  artifactKey: Guid(45a4a7ec4b882684abd3e70b1b017104) Importer(2089858483,192608db42251d675da83286b1cce702)
Start importing Assets/coniferous_forest/models/plants/SM_tree_sprout.fbx using Guid(45a4a7ec4b882684abd3e70b1b017104) Importer(2089858483,192608db42251d675da83286b1cce702) (ScriptedImporter) -> (artifact id: '492c32e4b653fca5b7df3bf058b7493c') in 0.0236824 seconds
Number of updated asset objects reloaded before import = 0Number of asset objects unloaded after import = 7

========================================================================
Received Import Request.
  Time since last request: 0.000021 seconds.
  path: Assets/coniferous_forest/textures/leaves/Materials
  artifactKey: Guid(0655ad8b23d1d6748b04ab8ebf511b19) Importer(2089858483,192608db42251d675da83286b1cce702)
Start importing Assets/coniferous_forest/textures/leaves/Materials using Guid(0655ad8b23d1d6748b04ab8ebf511b19) Importer(2089858483,192608db42251d675da83286b1cce702) (ScriptedImporter) -> (artifact id: '6dd05bf234ab94931204eb59ae7149de') in 0.0077559 seconds
Number of updated asset objects reloaded before import = 0Number of asset objects unloaded after import = 1

========================================================================
Received Import Request.
  Time since last request: 0.000035 seconds.
  path: Assets/coniferous_forest/textures/leaves/poly_leaves_1.png
  artifactKey: Guid(c006ffe9f8e4eb64ba624acfa688dc2c) Importer(2089858483,192608db42251d675da83286b1cce702)
Start importing Assets/coniferous_forest/textures/leaves/poly_leaves_1.png using Guid(c006ffe9f8e4eb64ba624acfa688dc2c) Importer(2089858483,192608db42251d675da83286b1cce702) (ScriptedImporter) -> (artifact id: '30b17d677b4c8da2cb754c44fb722187') in 0.0173973 seconds
Number of updated asset objects reloaded before import = 0Number of asset objects unloaded after import = 1

========================================================================
Received Import Request.
  Time since last request: 0.000045 seconds.
  path: Assets/coniferous_forest/Prefabs/plants/SM_water_lily.prefab
  artifactKey: Guid(8bde7850238415643ba75620b8975a7a) Importer(2089858483,192608db42251d675da83286b1cce702)
Start importing Assets/coniferous_forest/Prefabs/plants/SM_water_lily.prefab using Guid(8bde7850238415643ba75620b8975a7a) Importer(2089858483,192608db42251d675da83286b1cce702) (ScriptedImporter) -> (artifact id: '63254563e1231d36d45a46e88eb3246a') in 0.0128717 seconds
Number of updated asset objects reloaded before import = 0Number of asset objects unloaded after import = 14

========================================================================
Received Import Request.
  Time since last request: 0.000026 seconds.
  path: Assets/coniferous_forest/Prefabs/trees/SM_pine_4.prefab
  artifactKey: Guid(43e504e9758aab045ad559eb32b44292) Importer(2089858483,192608db42251d675da83286b1cce702)
Start importing Assets/coniferous_forest/Prefabs/trees/SM_pine_4.prefab using Guid(43e504e9758aab045ad559eb32b44292) Importer(2089858483,192608db42251d675da83286b1cce702) (ScriptedImporter) -> (artifact id: '883a2b997d3093d0dd70ffc994ce7104') in 0.0197378 seconds
Number of updated asset objects reloaded before import = 0Number of asset objects unloaded after import = 24

========================================================================
Received Import Request.
  Time since last request: 0.000041 seconds.
  path: Assets/coniferous_forest/Prefabs/plants/SM_plantain.prefab
  artifactKey: Guid(46d1e3a63f3c5e74db03767455fe5b7c) Importer(2089858483,192608db42251d675da83286b1cce702)
Start importing Assets/coniferous_forest/Prefabs/plants/SM_plantain.prefab using Guid(46d1e3a63f3c5e74db03767455fe5b7c) Importer(2089858483,192608db42251d675da83286b1cce702) (ScriptedImporter) -> (artifact id: '830ce6ccece7a4992099ddb4dc70d2de') in 0.0163238 seconds
Number of updated asset objects reloaded before import = 0Number of asset objects unloaded after import = 14

========================================================================
Received Import Request.
  Time since last request: 0.000044 seconds.
  path: Assets/coniferous_forest/Prefabs/trees/SM_pine_1.prefab
  artifactKey: Guid(e7d88c41465924f4faec967fbbd1adc4) Importer(2089858483,192608db42251d675da83286b1cce702)
Start importing Assets/coniferous_forest/Prefabs/trees/SM_pine_1.prefab using Guid(e7d88c41465924f4faec967fbbd1adc4) Importer(2089858483,192608db42251d675da83286b1cce702) (ScriptedImporter) -> (artifact id: '81c082fbf71ac97984ced156410fef04') in 0.0184871 seconds
Number of updated asset objects reloaded before import = 0Number of asset objects unloaded after import = 15

========================================================================
Received Import Request.
  Time since last request: 0.000036 seconds.
  path: Assets/coniferous_forest/DemoScene/demoSettings.lighting
  artifactKey: Guid(e1d43b8b27b4f8944acbaf240042b396) Importer(2089858483,192608db42251d675da83286b1cce702)
Start importing Assets/coniferous_forest/DemoScene/demoSettings.lighting using Guid(e1d43b8b27b4f8944acbaf240042b396) Importer(2089858483,192608db42251d675da83286b1cce702) (ScriptedImporter)LightingSettings: switching bake backend from 1 to 2.
 -> (artifact id: 'cdf98dc5d06698a3c04d906a1865cdc2') in 0.0155061 seconds
Number of updated asset objects reloaded before import = 0Number of asset objects unloaded after import = 1

========================================================================
Received Import Request.
  Time since last request: 0.000030 seconds.
  path: Assets/coniferous_forest/textures/plants/Materials/poly_snowdrop.mat
  artifactKey: Guid(ac4e16c9943f07d4e8e8135d72af93fa) Importer(2089858483,192608db42251d675da83286b1cce702)
Start importing Assets/coniferous_forest/textures/plants/Materials/poly_snowdrop.mat using Guid(ac4e16c9943f07d4e8e8135d72af93fa) Importer(2089858483,192608db42251d675da83286b1cce702) (ScriptedImporter) -> (artifact id: '58c4de2b9f7ce47f424c7c56cacf996b') in 0.0110787 seconds
Number of updated asset objects reloaded before import = 0Number of asset objects unloaded after import = 2

========================================================================
Received Import Request.
  Time since last request: 0.000045 seconds.
  path: Assets/coniferous_forest/models/plants/SM_water_lily_1.fbx
  artifactKey: Guid(2eb31a58ba1c1384b9109d869294d146) Importer(2089858483,192608db42251d675da83286b1cce702)
Start importing Assets/coniferous_forest/models/plants/SM_water_lily_1.fbx using Guid(2eb31a58ba1c1384b9109d869294d146) Importer(2089858483,192608db42251d675da83286b1cce702) (ScriptedImporter) -> (artifact id: '85bd6e65db8e19666edc019e95a6b8e5') in 0.0146259 seconds
Number of updated asset objects reloaded before import = 0Number of asset objects unloaded after import = 7

========================================================================
Received Import Request.
  Time since last request: 0.000028 seconds.
  path: Assets/coniferous_forest/textures/leaves
  artifactKey: Guid(bc274305edd2d154bb29ad816db6b19a) Importer(2089858483,192608db42251d675da83286b1cce702)
Start importing Assets/coniferous_forest/textures/leaves using Guid(bc274305edd2d154bb29ad816db6b19a) Importer(2089858483,192608db42251d675da83286b1cce702) (ScriptedImporter) -> (artifact id: '3efcfb432b7a27f178ec7252af70af78') in 0.0068501 seconds
Number of updated asset objects reloaded before import = 0Number of asset objects unloaded after import = 1

========================================================================
Received Import Request.
  Time since last request: 0.000027 seconds.
  path: Assets/coniferous_forest/textures/plants/Materials/poly_flower_02.mat
  artifactKey: Guid(45ec00cf620794144b452aa6aa5c3363) Importer(2089858483,192608db42251d675da83286b1cce702)
Start importing Assets/coniferous_forest/textures/plants/Materials/poly_flower_02.mat using Guid(45ec00cf620794144b452aa6aa5c3363) Importer(2089858483,192608db42251d675da83286b1cce702) (ScriptedImporter) -> (artifact id: '747f606774061c3dcac353fa7a042a0c') in 0.0197792 seconds
Number of updated asset objects reloaded before import = 0Number of asset objects unloaded after import = 2

========================================================================
Received Import Request.
  Time since last request: 0.000050 seconds.
  path: Assets/coniferous_forest/Prefabs/plants/SM_water_lily_2.prefab
  artifactKey: Guid(ea7f9ef8a22fb2242b8aad01bbbae2c1) Importer(2089858483,192608db42251d675da83286b1cce702)
Start importing Assets/coniferous_forest/Prefabs/plants/SM_water_lily_2.prefab using Guid(ea7f9ef8a22fb2242b8aad01bbbae2c1) Importer(2089858483,192608db42251d675da83286b1cce702) (ScriptedImporter) -> (artifact id: '2e6e245f86ff5b47b09513075e6c60c7') in 0.0334016 seconds
Number of updated asset objects reloaded before import = 0Number of asset objects unloaded after import = 14

========================================================================
Received Import Request.
  Time since last request: 0.000023 seconds.
  path: Assets/coniferous_forest/textures/leaves/poly_silt.png
  artifactKey: Guid(6070d2610e4197b41bc02075922e9088) Importer(2089858483,192608db42251d675da83286b1cce702)
Start importing Assets/coniferous_forest/textures/leaves/poly_silt.png using Guid(6070d2610e4197b41bc02075922e9088) Importer(2089858483,192608db42251d675da83286b1cce702) (ScriptedImporter) -> (artifact id: 'b1c95787ee51cc20fe9837f882476538') in 0.0164649 seconds
Number of updated asset objects reloaded before import = 0Number of asset objects unloaded after import = 1

========================================================================
Received Import Request.
  Time since last request: 0.000027 seconds.
  path: Assets/coniferous_forest/Prefabs/plants/SM_bush (2).prefab
  artifactKey: Guid(d61ace0ef90a0b74b83035631d25cf32) Importer(2089858483,192608db42251d675da83286b1cce702)
Start importing Assets/coniferous_forest/Prefabs/plants/SM_bush (2).prefab using Guid(d61ace0ef90a0b74b83035631d25cf32) Importer(2089858483,192608db42251d675da83286b1cce702) (ScriptedImporter) -> (artifact id: 'd0f2f449c3cfb23f1dc16439d7bc5897') in 0.0106897 seconds
Number of updated asset objects reloaded before import = 0Number of asset objects unloaded after import = 14

========================================================================
Received Import Request.
  Time since last request: 0.000048 seconds.
  path: Assets/coniferous_forest/DemoScene/0
  artifactKey: Guid(a94400ef36f340c4f95e809276491af1) Importer(2089858483,192608db42251d675da83286b1cce702)
Start importing Assets/coniferous_forest/DemoScene/0 using Guid(a94400ef36f340c4f95e809276491af1) Importer(2089858483,192608db42251d675da83286b1cce702) (ScriptedImporter) -> (artifact id: '10764ec8eb6802e8ecd322780c0c17d7') in 0.0053324 seconds
Number of updated asset objects reloaded before import = 0Number of asset objects unloaded after import = 1

========================================================================
Received Import Request.
  Time since last request: 0.000024 seconds.
  path: Assets/coniferous_forest/textures/leaves/T_lawn.png
  artifactKey: Guid(0dedb4eba5c5530468032537bec5aaff) Importer(2089858483,192608db42251d675da83286b1cce702)
Start importing Assets/coniferous_forest/textures/leaves/T_lawn.png using Guid(0dedb4eba5c5530468032537bec5aaff) Importer(2089858483,192608db42251d675da83286b1cce702) (ScriptedImporter) -> (artifact id: 'a249da9794b3db2d4edb989db4cb1118') in 0.016541 seconds
Number of updated asset objects reloaded before import = 0Number of asset objects unloaded after import = 1

========================================================================
Received Import Request.
  Time since last request: 0.000022 seconds.
  path: Assets/coniferous_forest/models/plants/SM_reed.fbx
  artifactKey: Guid(17b0e9359eafda146944edb343e55492) Importer(2089858483,192608db42251d675da83286b1cce702)
Start importing Assets/coniferous_forest/models/plants/SM_reed.fbx using Guid(17b0e9359eafda146944edb343e55492) Importer(2089858483,192608db42251d675da83286b1cce702) (ScriptedImporter) -> (artifact id: '795148214d0bb2acf92098f0a3348c20') in 0.0240533 seconds
Number of updated asset objects reloaded before import = 0Number of asset objects unloaded after import = 7

========================================================================
Received Import Request.
  Time since last request: 0.000066 seconds.
  path: Assets/coniferous_forest/models/plants/SM_bush.fbx
  artifactKey: Guid(4a3a4a6a1950aea48af684164cd84e99) Importer(2089858483,192608db42251d675da83286b1cce702)
Start importing Assets/coniferous_forest/models/plants/SM_bush.fbx using Guid(4a3a4a6a1950aea48af684164cd84e99) Importer(2089858483,192608db42251d675da83286b1cce702) (ScriptedImporter) -> (artifact id: '10bf6482f09f5f812f4017ae64100723') in 0.0206208 seconds
Number of updated asset objects reloaded before import = 0Number of asset objects unloaded after import = 7

========================================================================
Received Import Request.
  Time since last request: 0.000027 seconds.
  path: Assets/coniferous_forest/textures/leaves/T_leaves.gvdesign
  artifactKey: Guid(6355d1f0927db944392e59c443c043f7) Importer(2089858483,192608db42251d675da83286b1cce702)
Start importing Assets/coniferous_forest/textures/leaves/T_leaves.gvdesign using Guid(6355d1f0927db944392e59c443c043f7) Importer(2089858483,192608db42251d675da83286b1cce702) (ScriptedImporter) -> (artifact id: 'f70c415676df029892b65645934dfc12') in 0.0097147 seconds
Number of updated asset objects reloaded before import = 0Number of asset objects unloaded after import = 1

========================================================================
Received Import Request.
  Time since last request: 0.000042 seconds.
  path: Assets/coniferous_forest/Prefabs/plants/SM_onion.prefab
  artifactKey: Guid(4f75fdb2ed848c64bb92d1dcca3859cf) Importer(2089858483,192608db42251d675da83286b1cce702)
Start importing Assets/coniferous_forest/Prefabs/plants/SM_onion.prefab using Guid(4f75fdb2ed848c64bb92d1dcca3859cf) Importer(2089858483,192608db42251d675da83286b1cce702) (ScriptedImporter) -> (artifact id: 'bbd541cd0381527d6133c9cfb675915c') in 0.0171133 seconds
Number of updated asset objects reloaded before import = 0Number of asset objects unloaded after import = 14

========================================================================
Received Import Request.
  Time since last request: 0.000099 seconds.
  path: Assets/coniferous_forest/textures/plants/poly_cane.png
  artifactKey: Guid(8ed2ed3baa321dc4fb39b8bf17f65c2d) Importer(2089858483,192608db42251d675da83286b1cce702)
Start importing Assets/coniferous_forest/textures/plants/poly_cane.png using Guid(8ed2ed3baa321dc4fb39b8bf17f65c2d) Importer(2089858483,192608db42251d675da83286b1cce702) (ScriptedImporter) -> (artifact id: '4a80fcf424325f518cd11dffe26b8625') in 0.016673 seconds
Number of updated asset objects reloaded before import = 0Number of asset objects unloaded after import = 1

========================================================================
Received Import Request.
  Time since last request: 0.000025 seconds.
  path: Assets/coniferous_forest/textures/leaves/Materials/poly_leaves.mat
  artifactKey: Guid(5538a4695faa66b4dbcd9df1a480a722) Importer(2089858483,192608db42251d675da83286b1cce702)
Start importing Assets/coniferous_forest/textures/leaves/Materials/poly_leaves.mat using Guid(5538a4695faa66b4dbcd9df1a480a722) Importer(2089858483,192608db42251d675da83286b1cce702) (ScriptedImporter) -> (artifact id: '296cf6c60d8f42ff9c276d04dd6a1043') in 0.0127884 seconds
Number of updated asset objects reloaded before import = 0Number of asset objects unloaded after import = 2

========================================================================
Received Import Request.
  Time since last request: 0.000029 seconds.
  path: Assets/coniferous_forest/models/trees/SM_pine_4.fbx
  artifactKey: Guid(39d3ecac33d2afd4d844b893560d1c62) Importer(2089858483,192608db42251d675da83286b1cce702)
Start importing Assets/coniferous_forest/models/trees/SM_pine_4.fbx using Guid(39d3ecac33d2afd4d844b893560d1c62) Importer(2089858483,192608db42251d675da83286b1cce702) (ScriptedImporter) -> (artifact id: 'c89f2e0196c0aca7a20503a84dee851c') in 0.0225493 seconds
Number of updated asset objects reloaded before import = 0Number of asset objects unloaded after import = 12

========================================================================
Received Import Request.
  Time since last request: 0.000051 seconds.
  path: Assets/coniferous_forest/Prefabs/trees/SM_large_spruce_1.prefab
  artifactKey: Guid(bd66de853ec9476488337ac3f67dbf4b) Importer(2089858483,192608db42251d675da83286b1cce702)
Start importing Assets/coniferous_forest/Prefabs/trees/SM_large_spruce_1.prefab using Guid(bd66de853ec9476488337ac3f67dbf4b) Importer(2089858483,192608db42251d675da83286b1cce702) (ScriptedImporter) -> (artifact id: 'f488f33dc7e3be7dbd4eced1c8f02e7f') in 0.0152817 seconds
Number of updated asset objects reloaded before import = 0Number of asset objects unloaded after import = 15

========================================================================
Received Import Request.
  Time since last request: 0.000044 seconds.
  path: Assets/coniferous_forest/textures/leaves/silt.gvdesign
  artifactKey: Guid(ec59d798009abf649bb5b7e1c46bd521) Importer(2089858483,192608db42251d675da83286b1cce702)
Start importing Assets/coniferous_forest/textures/leaves/silt.gvdesign using Guid(ec59d798009abf649bb5b7e1c46bd521) Importer(2089858483,192608db42251d675da83286b1cce702) (ScriptedImporter) -> (artifact id: '4a36467d154420b33f0a5345b4d34592') in 0.0055786 seconds
Number of updated asset objects reloaded before import = 0Number of asset objects unloaded after import = 1

========================================================================
Received Import Request.
  Time since last request: 0.000030 seconds.
  path: Assets/coniferous_forest/models/trees/SM_large_spruce_1.fbx
  artifactKey: Guid(32f65586c04145d448d22ab6b516b7c3) Importer(2089858483,192608db42251d675da83286b1cce702)
Start importing Assets/coniferous_forest/models/trees/SM_large_spruce_1.fbx using Guid(32f65586c04145d448d22ab6b516b7c3) Importer(2089858483,192608db42251d675da83286b1cce702) (ScriptedImporter) -> (artifact id: 'fc520070c44776643e3485db61bfa549') in 0.0217041 seconds
Number of updated asset objects reloaded before import = 0Number of asset objects unloaded after import = 7

========================================================================
Received Import Request.
  Time since last request: 0.000046 seconds.
  path: Assets/coniferous_forest/textures/plants/Materials/poly_flower_2.mat
  artifactKey: Guid(4c3d953de243f174e9c132bd2d23bfcd) Importer(2089858483,192608db42251d675da83286b1cce702)
Start importing Assets/coniferous_forest/textures/plants/Materials/poly_flower_2.mat using Guid(4c3d953de243f174e9c132bd2d23bfcd) Importer(2089858483,192608db42251d675da83286b1cce702) (ScriptedImporter) -> (artifact id: 'e0c07191211001b4b209400b7d60ff95') in 0.0148051 seconds
Number of updated asset objects reloaded before import = 0Number of asset objects unloaded after import = 2

========================================================================
Received Import Request.
  Time since last request: 0.000024 seconds.
  path: Assets/coniferous_forest/textures/plants/Materials/poly_forget-me-not.mat
  artifactKey: Guid(7fea8b1420c9cfb4aafcc7dfda5f410f) Importer(2089858483,192608db42251d675da83286b1cce702)
Start importing Assets/coniferous_forest/textures/plants/Materials/poly_forget-me-not.mat using Guid(7fea8b1420c9cfb4aafcc7dfda5f410f) Importer(2089858483,192608db42251d675da83286b1cce702) (ScriptedImporter) -> (artifact id: 'bf1de1e66d5a68fe9af4930644c4976d') in 0.0114026 seconds
Number of updated asset objects reloaded before import = 0Number of asset objects unloaded after import = 2

========================================================================
Received Import Request.
  Time since last request: 0.000034 seconds.
  path: Assets/coniferous_forest/Prefabs/trees/SM_pine_3.prefab
  artifactKey: Guid(cb9b3dd8aac6c164f91fca3ce64be609) Importer(2089858483,192608db42251d675da83286b1cce702)
Start importing Assets/coniferous_forest/Prefabs/trees/SM_pine_3.prefab using Guid(cb9b3dd8aac6c164f91fca3ce64be609) Importer(2089858483,192608db42251d675da83286b1cce702) (ScriptedImporter) -> (artifact id: '35e17442a6a962c84200cf9cfb4482a7') in 0.0172768 seconds
Number of updated asset objects reloaded before import = 0Number of asset objects unloaded after import = 24

========================================================================
Received Import Request.
  Time since last request: 0.000042 seconds.
  path: Assets/coniferous_forest/Prefabs/plants/SM_cane.prefab
  artifactKey: Guid(84b5de87baa1de24abc7ebc6db8ed566) Importer(2089858483,192608db42251d675da83286b1cce702)
Start importing Assets/coniferous_forest/Prefabs/plants/SM_cane.prefab using Guid(84b5de87baa1de24abc7ebc6db8ed566) Importer(2089858483,192608db42251d675da83286b1cce702) (ScriptedImporter) -> (artifact id: '03587c3d9afb53ad72f15383b0e8cb50') in 0.0130653 seconds
Number of updated asset objects reloaded before import = 0Number of asset objects unloaded after import = 14

========================================================================
Received Import Request.
  Time since last request: 0.000019 seconds.
  path: Assets/coniferous_forest/textures/plants/poly_sage.png
  artifactKey: Guid(a68851a9475687d47b3bb1037142258a) Importer(2089858483,192608db42251d675da83286b1cce702)
Start importing Assets/coniferous_forest/textures/plants/poly_sage.png using Guid(a68851a9475687d47b3bb1037142258a) Importer(2089858483,192608db42251d675da83286b1cce702) (ScriptedImporter) -> (artifact id: '254a93d2d6db84c4c91bfe2f6ca6c8ba') in 0.0202964 seconds
Number of updated asset objects reloaded before import = 0Number of asset objects unloaded after import = 1

========================================================================
Received Import Request.
  Time since last request: 0.000030 seconds.
  path: Assets/coniferous_forest/Prefabs/plants/SM_poppy.prefab
  artifactKey: Guid(924e38df4a4aa8345ae63fd2398789eb) Importer(2089858483,192608db42251d675da83286b1cce702)
Start importing Assets/coniferous_forest/Prefabs/plants/SM_poppy.prefab using Guid(924e38df4a4aa8345ae63fd2398789eb) Importer(2089858483,192608db42251d675da83286b1cce702) (ScriptedImporter) -> (artifact id: '16e6223c3ce50e54387fb16db1c3d22a') in 0.0134891 seconds
Number of updated asset objects reloaded before import = 0Number of asset objects unloaded after import = 14

========================================================================
Received Import Request.
  Time since last request: 0.000041 seconds.
  path: Assets/coniferous_forest/textures/plants/poly_wild_wheat.png
  artifactKey: Guid(1963cb1020a95f446a5c801f43ee3243) Importer(2089858483,192608db42251d675da83286b1cce702)
Start importing Assets/coniferous_forest/textures/plants/poly_wild_wheat.png using Guid(1963cb1020a95f446a5c801f43ee3243) Importer(2089858483,192608db42251d675da83286b1cce702) (ScriptedImporter) -> (artifact id: '1846de5adee82705b194051c82c3f891') in 0.0200268 seconds
Number of updated asset objects reloaded before import = 0Number of asset objects unloaded after import = 1

========================================================================
Received Import Request.
  Time since last request: 0.000023 seconds.
  path: Assets/coniferous_forest/models/plants/SM_grass_4.fbx
  artifactKey: Guid(e81b9fd5f451a73419809aab6bacac52) Importer(2089858483,192608db42251d675da83286b1cce702)
Start importing Assets/coniferous_forest/models/plants/SM_grass_4.fbx using Guid(e81b9fd5f451a73419809aab6bacac52) Importer(2089858483,192608db42251d675da83286b1cce702) (ScriptedImporter) -> (artifact id: '2199cf07c32f159fa9f9834bb235acba') in 0.0267367 seconds
Number of updated asset objects reloaded before import = 0Number of asset objects unloaded after import = 7

========================================================================
Received Import Request.
  Time since last request: 0.000024 seconds.
  path: Assets/coniferous_forest/Prefabs/plants/SM_bush.prefab
  artifactKey: Guid(47d6e3ada9bafeb4884cd189450f6483) Importer(2089858483,192608db42251d675da83286b1cce702)
Start importing Assets/coniferous_forest/Prefabs/plants/SM_bush.prefab using Guid(47d6e3ada9bafeb4884cd189450f6483) Importer(2089858483,192608db42251d675da83286b1cce702) (ScriptedImporter) -> (artifact id: '45d297478a62383bbe17b29df1f125c5') in 0.0273655 seconds
Number of updated asset objects reloaded before import = 0Number of asset objects unloaded after import = 14

========================================================================
Received Import Request.
  Time since last request: 0.000041 seconds.
  path: Assets/coniferous_forest/models/plants/SM_chamomile.fbx
  artifactKey: Guid(b682e6985a6b04f418d87b7f64b8cf97) Importer(2089858483,192608db42251d675da83286b1cce702)
Start importing Assets/coniferous_forest/models/plants/SM_chamomile.fbx using Guid(b682e6985a6b04f418d87b7f64b8cf97) Importer(2089858483,192608db42251d675da83286b1cce702) (ScriptedImporter) -> (artifact id: '9128cc05e9a2f0271c257ab432ffb38b') in 0.0267314 seconds
Number of updated asset objects reloaded before import = 0Number of asset objects unloaded after import = 7

========================================================================
Received Import Request.
  Time since last request: 0.000032 seconds.
  path: Assets/coniferous_forest/models/trees/SM_large_spruce.fbx
  artifactKey: Guid(cf97f17ca66823e448521db69dc5afc8) Importer(2089858483,192608db42251d675da83286b1cce702)
Start importing Assets/coniferous_forest/models/trees/SM_large_spruce.fbx using Guid(cf97f17ca66823e448521db69dc5afc8) Importer(2089858483,192608db42251d675da83286b1cce702) (ScriptedImporter) -> (artifact id: '087bdf832243fc7c54022d6846c03296') in 0.0232521 seconds
Number of updated asset objects reloaded before import = 0Number of asset objects unloaded after import = 7

========================================================================
Received Import Request.
  Time since last request: 0.000025 seconds.
  path: Assets/coniferous_forest/models/trees/SM_pine_3.fbx
  artifactKey: Guid(e8bfc9a34abbbe841bc3a3f06ab42b67) Importer(2089858483,192608db42251d675da83286b1cce702)
Start importing Assets/coniferous_forest/models/trees/SM_pine_3.fbx using Guid(e8bfc9a34abbbe841bc3a3f06ab42b67) Importer(2089858483,192608db42251d675da83286b1cce702) (ScriptedImporter) -> (artifact id: 'a7fd3c131eee5defdda4930e61bd8286') in 0.029961 seconds
Number of updated asset objects reloaded before import = 0Number of asset objects unloaded after import = 12

========================================================================
Received Import Request.
  Time since last request: 0.000043 seconds.
  path: Assets/coniferous_forest/models/trees/SM_medium_spruce_1.fbx
  artifactKey: Guid(f3028361e8b24204fa487ad0cffd2b57) Importer(2089858483,192608db42251d675da83286b1cce702)
Start importing Assets/coniferous_forest/models/trees/SM_medium_spruce_1.fbx using Guid(f3028361e8b24204fa487ad0cffd2b57) Importer(2089858483,192608db42251d675da83286b1cce702) (ScriptedImporter) -> (artifact id: '30e291b25deb779dc2ed0952a39d5aaa') in 0.0305058 seconds
Number of updated asset objects reloaded before import = 0Number of asset objects unloaded after import = 7

========================================================================
Received Import Request.
  Time since last request: 0.000027 seconds.
  path: Assets/coniferous_forest/DemoScene/0/sky.mat
  artifactKey: Guid(bf58e67cb1b07f84ba68bd33c079253e) Importer(2089858483,192608db42251d675da83286b1cce702)
Start importing Assets/coniferous_forest/DemoScene/0/sky.mat using Guid(bf58e67cb1b07f84ba68bd33c079253e) Importer(2089858483,192608db42251d675da83286b1cce702) (ScriptedImporter) -> (artifact id: 'ff74971f6369029da6cba64eef7a3770') in 0.0123763 seconds
Number of updated asset objects reloaded before import = 0Number of asset objects unloaded after import = 1

========================================================================
Received Import Request.
  Time since last request: 0.000032 seconds.
  path: Assets/coniferous_forest/textures/T_forest.png
  artifactKey: Guid(ca766a3a5f269d146a46ecb51973f03e) Importer(2089858483,192608db42251d675da83286b1cce702)
Start importing Assets/coniferous_forest/textures/T_forest.png using Guid(ca766a3a5f269d146a46ecb51973f03e) Importer(2089858483,192608db42251d675da83286b1cce702) (ScriptedImporter) -> (artifact id: 'ca202272bb7314f43063401fe2866bf0') in 0.016752 seconds
Number of updated asset objects reloaded before import = 0Number of asset objects unloaded after import = 1

========================================================================
Received Import Request.
  Time since last request: 0.000061 seconds.
  path: Assets/coniferous_forest/Prefabs/trees/SM_medium_spruce_1.prefab
  artifactKey: Guid(6a6a8f03e2b7c804ab449e1f451e947e) Importer(2089858483,192608db42251d675da83286b1cce702)
Start importing Assets/coniferous_forest/Prefabs/trees/SM_medium_spruce_1.prefab using Guid(6a6a8f03e2b7c804ab449e1f451e947e) Importer(2089858483,192608db42251d675da83286b1cce702) (ScriptedImporter) -> (artifact id: 'e76c8aeafb76768bbfec035e9dc1a063') in 0.0362651 seconds
Number of updated asset objects reloaded before import = 0Number of asset objects unloaded after import = 15

========================================================================
Received Import Request.
  Time since last request: 0.000034 seconds.
  path: Assets/coniferous_forest/textures/plants/Materials/poly_plantain.mat
  artifactKey: Guid(6aa7d6d561377df4f882485f03fbb046) Importer(2089858483,192608db42251d675da83286b1cce702)
Start importing Assets/coniferous_forest/textures/plants/Materials/poly_plantain.mat using Guid(6aa7d6d561377df4f882485f03fbb046) Importer(2089858483,192608db42251d675da83286b1cce702) (ScriptedImporter) -> (artifact id: 'f7e3d7fa0c6d91a1ebda6b5f92ec7879') in 0.0139569 seconds
Number of updated asset objects reloaded before import = 0Number of asset objects unloaded after import = 2

========================================================================
Received Import Request.
  Time since last request: 0.000021 seconds.
  path: Assets/coniferous_forest/models/plants/SM_cattail.fbx
  artifactKey: Guid(5198ba041439b224db5f88a3ced1ff39) Importer(2089858483,192608db42251d675da83286b1cce702)
Start importing Assets/coniferous_forest/models/plants/SM_cattail.fbx using Guid(5198ba041439b224db5f88a3ced1ff39) Importer(2089858483,192608db42251d675da83286b1cce702) (ScriptedImporter) -> (artifact id: '8457e9da1b94da00fbe0143b3ecadf3b') in 0.022289 seconds
Number of updated asset objects reloaded before import = 0Number of asset objects unloaded after import = 7

========================================================================
Received Import Request.
  Time since last request: 0.000065 seconds.
  path: Assets/coniferous_forest/Prefabs/plants/SM_grass_3.prefab
  artifactKey: Guid(90d9c2c3d9ab1fe49b1de47156327d8b) Importer(2089858483,192608db42251d675da83286b1cce702)
Start importing Assets/coniferous_forest/Prefabs/plants/SM_grass_3.prefab using Guid(90d9c2c3d9ab1fe49b1de47156327d8b) Importer(2089858483,192608db42251d675da83286b1cce702) (ScriptedImporter) -> (artifact id: '946a1359192dac0539a2028ee3b99d4c') in 0.0299182 seconds
Number of updated asset objects reloaded before import = 0Number of asset objects unloaded after import = 14

========================================================================
Received Import Request.
  Time since last request: 0.000033 seconds.
  path: Assets/coniferous_forest/textures/plants/poly_lily.png
  artifactKey: Guid(7cdc3c9eb768c814cafa2f06a093a2dd) Importer(2089858483,192608db42251d675da83286b1cce702)
Start importing Assets/coniferous_forest/textures/plants/poly_lily.png using Guid(7cdc3c9eb768c814cafa2f06a093a2dd) Importer(2089858483,192608db42251d675da83286b1cce702) (ScriptedImporter) -> (artifact id: 'c2402a905c8fea66feb223561c3aa75f') in 0.0190963 seconds
Number of updated asset objects reloaded before import = 0Number of asset objects unloaded after import = 1

========================================================================
Received Import Request.
  Time since last request: 0.000031 seconds.
  path: Assets/coniferous_forest/textures/plants/poly_chamomile.png
  artifactKey: Guid(49fa7486b49c8774aad5c404800291d0) Importer(2089858483,192608db42251d675da83286b1cce702)
Start importing Assets/coniferous_forest/textures/plants/poly_chamomile.png using Guid(49fa7486b49c8774aad5c404800291d0) Importer(2089858483,192608db42251d675da83286b1cce702) (ScriptedImporter) -> (artifact id: '9f6fffb6d7236563b11f76e61a326522') in 0.0161731 seconds
Number of updated asset objects reloaded before import = 0Number of asset objects unloaded after import = 1

========================================================================
Received Import Request.
  Time since last request: 0.000038 seconds.
  path: Assets/coniferous_forest/Prefabs/plants/SM_grass.prefab
  artifactKey: Guid(cc51b13735ad0554b8a080967ba88426) Importer(2089858483,192608db42251d675da83286b1cce702)
Start importing Assets/coniferous_forest/Prefabs/plants/SM_grass.prefab using Guid(cc51b13735ad0554b8a080967ba88426) Importer(2089858483,192608db42251d675da83286b1cce702) (ScriptedImporter) -> (artifact id: 'e73bdad115ea711db72bd47b90fe15ac') in 0.0280002 seconds
Number of updated asset objects reloaded before import = 0Number of asset objects unloaded after import = 14

========================================================================
Received Import Request.
  Time since last request: 0.000028 seconds.
  path: Assets/coniferous_forest/textures/leaves/Materials/poly_leaves_2.mat
  artifactKey: Guid(0d2e3b7dbf142994da620f8645f4e63f) Importer(2089858483,192608db42251d675da83286b1cce702)
Start importing Assets/coniferous_forest/textures/leaves/Materials/poly_leaves_2.mat using Guid(0d2e3b7dbf142994da620f8645f4e63f) Importer(2089858483,192608db42251d675da83286b1cce702) (ScriptedImporter) -> (artifact id: 'd31f0d108a8ab8311a4a2392de40511d') in 0.0094006 seconds
Number of updated asset objects reloaded before import = 0Number of asset objects unloaded after import = 2

========================================================================
Received Import Request.
  Time since last request: 0.000033 seconds.
  path: Assets/coniferous_forest/textures/plants/Materials/poly_grass_2.mat
  artifactKey: Guid(b3d7758b58509fe44a9eb4eb90aee13c) Importer(2089858483,192608db42251d675da83286b1cce702)
Start importing Assets/coniferous_forest/textures/plants/Materials/poly_grass_2.mat using Guid(b3d7758b58509fe44a9eb4eb90aee13c) Importer(2089858483,192608db42251d675da83286b1cce702) (ScriptedImporter) -> (artifact id: '8685ad9cb68d21e13e317ae82ca3a2b0') in 0.0117621 seconds
Number of updated asset objects reloaded before import = 0Number of asset objects unloaded after import = 2

========================================================================
Received Import Request.
  Time since last request: 0.000053 seconds.
  path: Assets/coniferous_forest/textures/plants/poly_cattail.png
  artifactKey: Guid(70926b4fc9a30df44bd1e92aa28b52c1) Importer(2089858483,192608db42251d675da83286b1cce702)
Start importing Assets/coniferous_forest/textures/plants/poly_cattail.png using Guid(70926b4fc9a30df44bd1e92aa28b52c1) Importer(2089858483,192608db42251d675da83286b1cce702) (ScriptedImporter) -> (artifact id: '6abdf83a60e84e2e46279c51c1af621e') in 0.0181946 seconds
Number of updated asset objects reloaded before import = 0Number of asset objects unloaded after import = 1

========================================================================
Received Import Request.
  Time since last request: 0.000019 seconds.
  path: Assets/coniferous_forest/models/plants/SM_flower.fbx
  artifactKey: Guid(43624d30b5f2b904299e2ce44dba8271) Importer(2089858483,192608db42251d675da83286b1cce702)
Start importing Assets/coniferous_forest/models/plants/SM_flower.fbx using Guid(43624d30b5f2b904299e2ce44dba8271) Importer(2089858483,192608db42251d675da83286b1cce702) (ScriptedImporter) -> (artifact id: '7406a6375ae52f24e60be50c4ebdf16b') in 0.0154719 seconds
Number of updated asset objects reloaded before import = 0Number of asset objects unloaded after import = 7

========================================================================
Received Import Request.
  Time since last request: 0.000032 seconds.
  path: Assets/coniferous_forest/models/plants/SM_water_lily.fbx
  artifactKey: Guid(9796ee283375b8444bd24c94c7eae64a) Importer(2089858483,192608db42251d675da83286b1cce702)
Start importing Assets/coniferous_forest/models/plants/SM_water_lily.fbx using Guid(9796ee283375b8444bd24c94c7eae64a) Importer(2089858483,192608db42251d675da83286b1cce702) (ScriptedImporter) -> (artifact id: '25755e00d4eaf8b75aa87fb3cc5f2841') in 0.0207524 seconds
Number of updated asset objects reloaded before import = 0Number of asset objects unloaded after import = 7

========================================================================
Received Import Request.
  Time since last request: 0.000045 seconds.
  path: Assets/coniferous_forest/Prefabs/plants/SM_tree_sprout.prefab
  artifactKey: Guid(d5b347dde5204644bb481ab649bf5c13) Importer(2089858483,192608db42251d675da83286b1cce702)
Start importing Assets/coniferous_forest/Prefabs/plants/SM_tree_sprout.prefab using Guid(d5b347dde5204644bb481ab649bf5c13) Importer(2089858483,192608db42251d675da83286b1cce702) (ScriptedImporter) -> (artifact id: 'd552f0458dc764a9729e89f30d2f72dc') in 0.0250759 seconds
Number of updated asset objects reloaded before import = 0Number of asset objects unloaded after import = 14

========================================================================
Received Import Request.
  Time since last request: 0.000027 seconds.
  path: Assets/coniferous_forest/Prefabs/plants/SM_water_lily_1.prefab
  artifactKey: Guid(cb005fa954b09be41ae2dcf6c626df82) Importer(2089858483,192608db42251d675da83286b1cce702)
Start importing Assets/coniferous_forest/Prefabs/plants/SM_water_lily_1.prefab using Guid(cb005fa954b09be41ae2dcf6c626df82) Importer(2089858483,192608db42251d675da83286b1cce702) (ScriptedImporter) -> (artifact id: '7d9e0eb1bd296766ef91c4263a02c8bb') in 0.0166325 seconds
Number of updated asset objects reloaded before import = 0Number of asset objects unloaded after import = 14

========================================================================
Received Import Request.
  Time since last request: 0.000032 seconds.
  path: Assets/coniferous_forest/models
  artifactKey: Guid(e3c020515b5dcc54aa19d7dfb90cf077) Importer(2089858483,192608db42251d675da83286b1cce702)
Start importing Assets/coniferous_forest/models using Guid(e3c020515b5dcc54aa19d7dfb90cf077) Importer(2089858483,192608db42251d675da83286b1cce702) (ScriptedImporter) -> (artifact id: 'a167d936bf08c2fbf7da0eccd99fe46c') in 0.0087411 seconds
Number of updated asset objects reloaded before import = 0Number of asset objects unloaded after import = 1

========================================================================
Received Import Request.
  Time since last request: 0.000059 seconds.
  path: Assets/coniferous_forest/textures/plants/T_0.gvdesign
  artifactKey: Guid(78be29fa1e3b093428bfa132b27629a0) Importer(2089858483,192608db42251d675da83286b1cce702)
Start importing Assets/coniferous_forest/textures/plants/T_0.gvdesign using Guid(78be29fa1e3b093428bfa132b27629a0) Importer(2089858483,192608db42251d675da83286b1cce702) (ScriptedImporter) -> (artifact id: 'aa0ae4716093174ae2bf534c556f324d') in 0.0064126 seconds
Number of updated asset objects reloaded before import = 0Number of asset objects unloaded after import = 1

========================================================================
Received Import Request.
  Time since last request: 0.000030 seconds.
  path: Assets/coniferous_forest/textures/plants/Materials/poly_flower_01.mat
  artifactKey: Guid(743d06c3638627c4e9b90f3c33ba3672) Importer(2089858483,192608db42251d675da83286b1cce702)
Start importing Assets/coniferous_forest/textures/plants/Materials/poly_flower_01.mat using Guid(743d06c3638627c4e9b90f3c33ba3672) Importer(2089858483,192608db42251d675da83286b1cce702) (ScriptedImporter) -> (artifact id: 'd62f5e363f565bb0eb4f5209887f87ae') in 0.0120346 seconds
Number of updated asset objects reloaded before import = 0Number of asset objects unloaded after import = 2

========================================================================
Received Import Request.
  Time since last request: 0.000034 seconds.
  path: Assets/coniferous_forest/models/plants/SM_grass_3.fbx
  artifactKey: Guid(4403b909d72a2a542bcf9c58d2353184) Importer(2089858483,192608db42251d675da83286b1cce702)
Start importing Assets/coniferous_forest/models/plants/SM_grass_3.fbx using Guid(4403b909d72a2a542bcf9c58d2353184) Importer(2089858483,192608db42251d675da83286b1cce702) (ScriptedImporter) -> (artifact id: '978066f55d6a0cc5ec934631ab7ada3d') in 0.0181068 seconds
Number of updated asset objects reloaded before import = 0Number of asset objects unloaded after import = 7

========================================================================
Received Import Request.
  Time since last request: 0.000040 seconds.
  path: Assets/coniferous_forest/textures/leaves/T_3Normal.png
  artifactKey: Guid(537c0c1016cee9f40935f3d515abcaa8) Importer(2089858483,192608db42251d675da83286b1cce702)
Start importing Assets/coniferous_forest/textures/leaves/T_3Normal.png using Guid(537c0c1016cee9f40935f3d515abcaa8) Importer(2089858483,192608db42251d675da83286b1cce702) (ScriptedImporter) -> (artifact id: '95330f0af3b49dc68f09626caf68d30a') in 0.0106179 seconds
Number of updated asset objects reloaded before import = 0Number of asset objects unloaded after import = 1

========================================================================
Received Import Request.
  Time since last request: 0.000023 seconds.
  path: Assets/coniferous_forest/models/plants/SM_snowdrop.fbx
  artifactKey: Guid(a64bd94343dfe0e46b538921550aacdc) Importer(2089858483,192608db42251d675da83286b1cce702)
Start importing Assets/coniferous_forest/models/plants/SM_snowdrop.fbx using Guid(a64bd94343dfe0e46b538921550aacdc) Importer(2089858483,192608db42251d675da83286b1cce702) (ScriptedImporter) -> (artifact id: 'c64c8c6e36753c62f7e2909c7525085c') in 0.0174471 seconds
Number of updated asset objects reloaded before import = 0Number of asset objects unloaded after import = 7

========================================================================
Received Import Request.
  Time since last request: 0.000030 seconds.
  path: Assets/coniferous_forest/models/trees
  artifactKey: Guid(f374de3da86ec9649ad978d7555b346a) Importer(2089858483,192608db42251d675da83286b1cce702)
Start importing Assets/coniferous_forest/models/trees using Guid(f374de3da86ec9649ad978d7555b346a) Importer(2089858483,192608db42251d675da83286b1cce702) (ScriptedImporter) -> (artifact id: '82c7b805e326fd6f5eae562312e88cdf') in 0.0064506 seconds
Number of updated asset objects reloaded before import = 0Number of asset objects unloaded after import = 1

========================================================================
Received Import Request.
  Time since last request: 0.000130 seconds.
  path: Assets/coniferous_forest/textures/plants/Materials/poly_sage.mat
  artifactKey: Guid(82cfc062b3039e14ebf96335d835a701) Importer(2089858483,192608db42251d675da83286b1cce702)
Start importing Assets/coniferous_forest/textures/plants/Materials/poly_sage.mat using Guid(82cfc062b3039e14ebf96335d835a701) Importer(2089858483,192608db42251d675da83286b1cce702) (ScriptedImporter) -> (artifact id: 'a2aa0f92a4229857913cf7a1cf3b3e62') in 0.0197602 seconds
Number of updated asset objects reloaded before import = 0Number of asset objects unloaded after import = 2

========================================================================
Received Import Request.
  Time since last request: 0.000029 seconds.
  path: Assets/coniferous_forest/Prefabs/plants/SM_flower_2.prefab
  artifactKey: Guid(ec2c213b853c8084b8768f15c6270d98) Importer(2089858483,192608db42251d675da83286b1cce702)
Start importing Assets/coniferous_forest/Prefabs/plants/SM_flower_2.prefab using Guid(ec2c213b853c8084b8768f15c6270d98) Importer(2089858483,192608db42251d675da83286b1cce702) (ScriptedImporter) -> (artifact id: 'f4d53e16444834fdb3ee09f3e7647562') in 0.0185125 seconds
Number of updated asset objects reloaded before import = 0Number of asset objects unloaded after import = 14

========================================================================
Received Import Request.
  Time since last request: 0.000036 seconds.
  path: Assets/coniferous_forest/Prefabs/trees/SM_pine_3.prefab
  artifactKey: Guid(cb9b3dd8aac6c164f91fca3ce64be609) Importer(815301076,1909f56bfc062723c751e8b465ee728b)
Start importing Assets/coniferous_forest/Prefabs/trees/SM_pine_3.prefab using Guid(cb9b3dd8aac6c164f91fca3ce64be609) Importer(815301076,1909f56bfc062723c751e8b465ee728b) (PreviewImporter) -> (artifact id: 'e24a9b8ce77a160757246063a74072a9') in 0.8927368 seconds
Number of updated asset objects reloaded before import = 0Number of asset objects unloaded after import = 26

========================================================================
Received Import Request.
  Time since last request: 0.000060 seconds.
  path: Assets/coniferous_forest/Prefabs/trees/SM_large_spruce_1.prefab
  artifactKey: Guid(bd66de853ec9476488337ac3f67dbf4b) Importer(815301076,1909f56bfc062723c751e8b465ee728b)
Start importing Assets/coniferous_forest/Prefabs/trees/SM_large_spruce_1.prefab using Guid(bd66de853ec9476488337ac3f67dbf4b) Importer(815301076,1909f56bfc062723c751e8b465ee728b) (PreviewImporter) -> (artifact id: '9137f311a134510bd85042b76e3c19ed') in 0.0250266 seconds
Number of updated asset objects reloaded before import = 0Number of asset objects unloaded after import = 17

========================================================================
Received Import Request.
  Time since last request: 0.000054 seconds.
  path: Assets/coniferous_forest/DemoScene
  artifactKey: Guid(94d6a59d7f364054bb94e21d6fb18969) Importer(2089858483,192608db42251d675da83286b1cce702)
Start importing Assets/coniferous_forest/DemoScene using Guid(94d6a59d7f364054bb94e21d6fb18969) Importer(2089858483,192608db42251d675da83286b1cce702) (ScriptedImporter) -> (artifact id: 'ac5701410418675fc61f277cd654d65e') in 0.0062063 seconds
Number of updated asset objects reloaded before import = 0Number of asset objects unloaded after import = 1

========================================================================
Received Import Request.
  Time since last request: 0.000044 seconds.
  path: Assets/coniferous_forest/Materials/glass.mat
  artifactKey: Guid(58a43b414d5f83a4fbb9d237baf7ac48) Importer(2089858483,192608db42251d675da83286b1cce702)
Start importing Assets/coniferous_forest/Materials/glass.mat using Guid(58a43b414d5f83a4fbb9d237baf7ac48) Importer(2089858483,192608db42251d675da83286b1cce702) (ScriptedImporter) -> (artifact id: 'ec7642827d4eb084863c293fa1aa7f9e') in 0.0251563 seconds
Number of updated asset objects reloaded before import = 0Number of asset objects unloaded after import = 1

========================================================================
Received Import Request.
  Time since last request: 0.000055 seconds.
  path: Assets/coniferous_forest/Prefabs/plants/SM_bush_1 (2).prefab
  artifactKey: Guid(9db32315469dab940a3f8548994702bd) Importer(2089858483,192608db42251d675da83286b1cce702)
Start importing Assets/coniferous_forest/Prefabs/plants/SM_bush_1 (2).prefab using Guid(9db32315469dab940a3f8548994702bd) Importer(2089858483,192608db42251d675da83286b1cce702) (ScriptedImporter) -> (artifact id: '1de2958b184d7a8fd8dab39110259433') in 0.0277275 seconds
Number of updated asset objects reloaded before import = 0Number of asset objects unloaded after import = 14

========================================================================
Received Import Request.
  Time since last request: 0.000069 seconds.
  path: Assets/coniferous_forest/textures/plants/Materials/poly_reed.mat
  artifactKey: Guid(8d4c2e4f7d376f042b884bba2f536cec) Importer(2089858483,192608db42251d675da83286b1cce702)
Start importing Assets/coniferous_forest/textures/plants/Materials/poly_reed.mat using Guid(8d4c2e4f7d376f042b884bba2f536cec) Importer(2089858483,192608db42251d675da83286b1cce702) (ScriptedImporter) -> (artifact id: 'ef2aa74a289fe5152921986ba0d79fd4') in 0.0139384 seconds
Number of updated asset objects reloaded before import = 0Number of asset objects unloaded after import = 2

========================================================================
Received Import Request.
  Time since last request: 0.000050 seconds.
  path: Assets/coniferous_forest/textures/plants/poly_grass.png
  artifactKey: Guid(e4ff80f8bf4d0e648acfa7c906c99eaf) Importer(2089858483,192608db42251d675da83286b1cce702)
Start importing Assets/coniferous_forest/textures/plants/poly_grass.png using Guid(e4ff80f8bf4d0e648acfa7c906c99eaf) Importer(2089858483,192608db42251d675da83286b1cce702) (ScriptedImporter) -> (artifact id: '0aeff2ba006405839f7de3ed8706273a') in 0.032489 seconds
Number of updated asset objects reloaded before import = 0Number of asset objects unloaded after import = 1

========================================================================
Received Import Request.
  Time since last request: 0.000053 seconds.
  path: Assets/coniferous_forest/models/trees/SM_small_spruce_1.fbx
  artifactKey: Guid(1d64d0bc342337642999bf918456d29c) Importer(2089858483,192608db42251d675da83286b1cce702)
Start importing Assets/coniferous_forest/models/trees/SM_small_spruce_1.fbx using Guid(1d64d0bc342337642999bf918456d29c) Importer(2089858483,192608db42251d675da83286b1cce702) (ScriptedImporter) -> (artifact id: '9c735ed9977bf7b19aab0eb2ccb174c4') in 0.0192164 seconds
Number of updated asset objects reloaded before import = 0Number of asset objects unloaded after import = 7

========================================================================
Received Import Request.
  Time since last request: 0.000037 seconds.
  path: Assets/coniferous_forest/models/plants/SM_bush_1.fbx
  artifactKey: Guid(9d7b1b947e7cadf4bafad7104a775f8f) Importer(2089858483,192608db42251d675da83286b1cce702)
Start importing Assets/coniferous_forest/models/plants/SM_bush_1.fbx using Guid(9d7b1b947e7cadf4bafad7104a775f8f) Importer(2089858483,192608db42251d675da83286b1cce702) (ScriptedImporter) -> (artifact id: '658959ad2e392df7984162c3a06200cd') in 0.0230858 seconds
Number of updated asset objects reloaded before import = 0Number of asset objects unloaded after import = 7

========================================================================
Received Import Request.
  Time since last request: 0.000029 seconds.
  path: Assets/coniferous_forest/textures/leaves/poly_leaves.png
  artifactKey: Guid(38c92377d782ab9448fe6c4f80ee2d53) Importer(2089858483,192608db42251d675da83286b1cce702)
Start importing Assets/coniferous_forest/textures/leaves/poly_leaves.png using Guid(38c92377d782ab9448fe6c4f80ee2d53) Importer(2089858483,192608db42251d675da83286b1cce702) (ScriptedImporter) -> (artifact id: 'e18b60d7a0debdd626f488dc73a46faa') in 0.0117891 seconds
Number of updated asset objects reloaded before import = 0Number of asset objects unloaded after import = 1

========================================================================
Received Import Request.
  Time since last request: 0.000047 seconds.
  path: Assets/coniferous_forest/Prefabs/trees/SM_pine.prefab
  artifactKey: Guid(7fee12bbc28a5e349a0717e6d2e499d9) Importer(2089858483,192608db42251d675da83286b1cce702)
Start importing Assets/coniferous_forest/Prefabs/trees/SM_pine.prefab using Guid(7fee12bbc28a5e349a0717e6d2e499d9) Importer(2089858483,192608db42251d675da83286b1cce702) (ScriptedImporter) -> (artifact id: 'c494f0801d8171a4292831d919829a44') in 0.014518 seconds
Number of updated asset objects reloaded before import = 0Number of asset objects unloaded after import = 15

========================================================================
Received Import Request.
  Time since last request: 0.000036 seconds.
  path: Assets/coniferous_forest/textures/plants/poly_flower_2.png
  artifactKey: Guid(71f5d85c49a98b94f9051027151e678f) Importer(2089858483,192608db42251d675da83286b1cce702)
Start importing Assets/coniferous_forest/textures/plants/poly_flower_2.png using Guid(71f5d85c49a98b94f9051027151e678f) Importer(2089858483,192608db42251d675da83286b1cce702) (ScriptedImporter) -> (artifact id: '6dd5bdd75ead99e745d367d838932d69') in 0.0171148 seconds
Number of updated asset objects reloaded before import = 0Number of asset objects unloaded after import = 1

========================================================================
Received Import Request.
  Time since last request: 0.000068 seconds.
  path: Assets/coniferous_forest/textures/plants/poly_flower_01.png
  artifactKey: Guid(751eff33c2746ad408fce55b9f9cdf1f) Importer(2089858483,192608db42251d675da83286b1cce702)
Start importing Assets/coniferous_forest/textures/plants/poly_flower_01.png using Guid(751eff33c2746ad408fce55b9f9cdf1f) Importer(2089858483,192608db42251d675da83286b1cce702) (ScriptedImporter) -> (artifact id: '8b29ec36acfffb21a4fd797d03d23666') in 0.0163927 seconds
Number of updated asset objects reloaded before import = 0Number of asset objects unloaded after import = 1

========================================================================
Received Import Request.
  Time since last request: 25.054374 seconds.
  path: Assets/coniferous_forest/Prefabs/plants/SM_bush (1).prefab
  artifactKey: Guid(0e209e36e0b9e644da42740e2112363c) Importer(815301076,1909f56bfc062723c751e8b465ee728b)
Start importing Assets/coniferous_forest/Prefabs/plants/SM_bush (1).prefab using Guid(0e209e36e0b9e644da42740e2112363c) Importer(815301076,1909f56bfc062723c751e8b465ee728b) (PreviewImporter) -> (artifact id: 'f840a3859f6656f1452c6343846b5227') in 0.0359888 seconds
Number of updated asset objects reloaded before import = 0Number of asset objects unloaded after import = 16

========================================================================
Received Import Request.
  Time since last request: 0.000050 seconds.
  path: Assets/coniferous_forest/Prefabs/plants/SM_bush_1.prefab
  artifactKey: Guid(8b15813bc6bdade41a4e1f89c5c32b61) Importer(815301076,1909f56bfc062723c751e8b465ee728b)
Start importing Assets/coniferous_forest/Prefabs/plants/SM_bush_1.prefab using Guid(8b15813bc6bdade41a4e1f89c5c32b61) Importer(815301076,1909f56bfc062723c751e8b465ee728b) (PreviewImporter) -> (artifact id: '0c267b209eadcc4447439270ebd51bd1') in 0.0204751 seconds
Number of updated asset objects reloaded before import = 0Number of asset objects unloaded after import = 16

========================================================================
Received Import Request.
  Time since last request: 0.000042 seconds.
  path: Assets/coniferous_forest/Prefabs/plants/SM_bush (2).prefab
  artifactKey: Guid(d61ace0ef90a0b74b83035631d25cf32) Importer(815301076,1909f56bfc062723c751e8b465ee728b)
Start importing Assets/coniferous_forest/Prefabs/plants/SM_bush (2).prefab using Guid(d61ace0ef90a0b74b83035631d25cf32) Importer(815301076,1909f56bfc062723c751e8b465ee728b) (PreviewImporter) -> (artifact id: 'de118d8729f1a57a23d7a06f579d653c') in 0.0170828 seconds
Number of updated asset objects reloaded before import = 0Number of asset objects unloaded after import = 16

========================================================================
Received Import Request.
  Time since last request: 0.000040 seconds.
  path: Assets/coniferous_forest/Prefabs/plants/SM_bush_1 (2).prefab
  artifactKey: Guid(9db32315469dab940a3f8548994702bd) Importer(815301076,1909f56bfc062723c751e8b465ee728b)
Start importing Assets/coniferous_forest/Prefabs/plants/SM_bush_1 (2).prefab using Guid(9db32315469dab940a3f8548994702bd) Importer(815301076,1909f56bfc062723c751e8b465ee728b) (PreviewImporter) -> (artifact id: 'feea168344c11e0ff21d82c4d3d20248') in 0.0288253 seconds
Number of updated asset objects reloaded before import = 0Number of asset objects unloaded after import = 16

========================================================================
Received Import Request.
  Time since last request: 0.520717 seconds.
  path: Assets/coniferous_forest/models/plants/SM_cane.fbx
  artifactKey: Guid(fee4abc8cabce6b439c9d1dc2bee791e) Importer(815301076,1909f56bfc062723c751e8b465ee728b)
Start importing Assets/coniferous_forest/models/plants/SM_cane.fbx using Guid(fee4abc8cabce6b439c9d1dc2bee791e) Importer(815301076,1909f56bfc062723c751e8b465ee728b) (PreviewImporter) -> (artifact id: '0e7aca22393807b6f00f4c5fb45a4a9e') in 0.14986 seconds
Number of updated asset objects reloaded before import = 0Number of asset objects unloaded after import = 7

========================================================================
Received Import Request.
  Time since last request: 0.000045 seconds.
  path: Assets/coniferous_forest/Prefabs/plants/SM_chamomile.prefab
  artifactKey: Guid(feac9ee19dd513449bc0c598548caa67) Importer(815301076,1909f56bfc062723c751e8b465ee728b)
Start importing Assets/coniferous_forest/Prefabs/plants/SM_chamomile.prefab using Guid(feac9ee19dd513449bc0c598548caa67) Importer(815301076,1909f56bfc062723c751e8b465ee728b) (PreviewImporter) -> (artifact id: 'e7dab64daa01afe9d2f9da7e99f1acd0') in 0.0185515 seconds
Number of updated asset objects reloaded before import = 0Number of asset objects unloaded after import = 16

========================================================================
Received Import Request.
  Time since last request: 1.721897 seconds.
  path: Assets/coniferous_forest/Prefabs/plants/SM_forget-me-not.prefab
  artifactKey: Guid(0727808b6ec787a4488d8e3ee98bd803) Importer(815301076,1909f56bfc062723c751e8b465ee728b)
Start importing Assets/coniferous_forest/Prefabs/plants/SM_forget-me-not.prefab using Guid(0727808b6ec787a4488d8e3ee98bd803) Importer(815301076,1909f56bfc062723c751e8b465ee728b) (PreviewImporter) -> (artifact id: 'b5fce7755d58fdc11bfd45478ea84c53') in 0.0320689 seconds
Number of updated asset objects reloaded before import = 0Number of asset objects unloaded after import = 16

========================================================================
Received Import Request.
  Time since last request: 0.197045 seconds.
  path: Assets/coniferous_forest/Prefabs/plants/SM_grass_1.prefab
  artifactKey: Guid(557e3e3679ec55645864ab32134dc6ae) Importer(815301076,1909f56bfc062723c751e8b465ee728b)
Start importing Assets/coniferous_forest/Prefabs/plants/SM_grass_1.prefab using Guid(557e3e3679ec55645864ab32134dc6ae) Importer(815301076,1909f56bfc062723c751e8b465ee728b) (PreviewImporter) -> (artifact id: 'ff827364dd2f998a6def9c7a39867b68') in 0.0286026 seconds
Number of updated asset objects reloaded before import = 0Number of asset objects unloaded after import = 16

========================================================================
Received Import Request.
  Time since last request: 0.000043 seconds.
  path: Assets/coniferous_forest/models/plants/SM_grass_2.fbx
  artifactKey: Guid(1a98ca59221a3af48af70a3c64b499b3) Importer(815301076,1909f56bfc062723c751e8b465ee728b)
Start importing Assets/coniferous_forest/models/plants/SM_grass_2.fbx using Guid(1a98ca59221a3af48af70a3c64b499b3) Importer(815301076,1909f56bfc062723c751e8b465ee728b) (PreviewImporter) -> (artifact id: 'c7767a501b89e3ca76bdee2ed551aa76') in 0.0417296 seconds
Number of updated asset objects reloaded before import = 0Number of asset objects unloaded after import = 7

========================================================================
Received Import Request.
  Time since last request: 0.000060 seconds.
  path: Assets/coniferous_forest/Prefabs/plants/SM_grass_3.prefab
  artifactKey: Guid(90d9c2c3d9ab1fe49b1de47156327d8b) Importer(815301076,1909f56bfc062723c751e8b465ee728b)
Start importing Assets/coniferous_forest/Prefabs/plants/SM_grass_3.prefab using Guid(90d9c2c3d9ab1fe49b1de47156327d8b) Importer(815301076,1909f56bfc062723c751e8b465ee728b) (PreviewImporter) -> (artifact id: '0bfa0dc7ff98d116a2294fa07a330e0f') in 0.0237565 seconds
Number of updated asset objects reloaded before import = 0Number of asset objects unloaded after import = 16

========================================================================
Received Import Request.
  Time since last request: 0.000032 seconds.
  path: Assets/coniferous_forest/models/trees/SM_pine.fbx
  artifactKey: Guid(168d732344b827c46baaa31a43f5b67f) Importer(815301076,1909f56bfc062723c751e8b465ee728b)
Start importing Assets/coniferous_forest/models/trees/SM_pine.fbx using Guid(168d732344b827c46baaa31a43f5b67f) Importer(815301076,1909f56bfc062723c751e8b465ee728b) (PreviewImporter) -> (artifact id: '6cb3af9453a7d2ce2e1bcd928b5b24fb') in 0.0344373 seconds
Number of updated asset objects reloaded before import = 0Number of asset objects unloaded after import = 7

========================================================================
Received Import Request.
  Time since last request: 0.000036 seconds.
  path: Assets/coniferous_forest/models/trees/SM_pine_1.fbx
  artifactKey: Guid(d16a1719a9fbd02409a935a67226b6dc) Importer(815301076,1909f56bfc062723c751e8b465ee728b)
Start importing Assets/coniferous_forest/models/trees/SM_pine_1.fbx using Guid(d16a1719a9fbd02409a935a67226b6dc) Importer(815301076,1909f56bfc062723c751e8b465ee728b) (PreviewImporter) -> (artifact id: 'e5214c2c84e8e0a6f69504cdb40b3fb3') in 0.0319911 seconds
Number of updated asset objects reloaded before import = 0Number of asset objects unloaded after import = 7

========================================================================
Received Import Request.
  Time since last request: 0.000055 seconds.
  path: Assets/coniferous_forest/Prefabs/plants/SM_sage.prefab
  artifactKey: Guid(444d5cb4dd3afbf46b04b992451fc695) Importer(815301076,1909f56bfc062723c751e8b465ee728b)
Start importing Assets/coniferous_forest/Prefabs/plants/SM_sage.prefab using Guid(444d5cb4dd3afbf46b04b992451fc695) Importer(815301076,1909f56bfc062723c751e8b465ee728b) (PreviewImporter) -> (artifact id: 'd5fa8bb89f393d5529b3dd80aa0fc834') in 0.0218491 seconds
Number of updated asset objects reloaded before import = 0Number of asset objects unloaded after import = 16

========================================================================
Received Import Request.
  Time since last request: 0.000041 seconds.
  path: Assets/coniferous_forest/models/plants/SM_poppy.fbx
  artifactKey: Guid(b3a489a97524e914e8f2cef140c2c827) Importer(815301076,1909f56bfc062723c751e8b465ee728b)
Start importing Assets/coniferous_forest/models/plants/SM_poppy.fbx using Guid(b3a489a97524e914e8f2cef140c2c827) Importer(815301076,1909f56bfc062723c751e8b465ee728b) (PreviewImporter) -> (artifact id: '092be7736b1a1244890fdd9cf594a488') in 0.0347547 seconds
Number of updated asset objects reloaded before import = 0Number of asset objects unloaded after import = 7

========================================================================
Received Import Request.
  Time since last request: 0.000037 seconds.
  path: Assets/coniferous_forest/models/plants/SM_water_lily_1.fbx
  artifactKey: Guid(2eb31a58ba1c1384b9109d869294d146) Importer(815301076,1909f56bfc062723c751e8b465ee728b)
Start importing Assets/coniferous_forest/models/plants/SM_water_lily_1.fbx using Guid(2eb31a58ba1c1384b9109d869294d146) Importer(815301076,1909f56bfc062723c751e8b465ee728b) (PreviewImporter) -> (artifact id: '0fb9398d4af7f5a97c7e3bef5a8315d3') in 0.0218652 seconds
Number of updated asset objects reloaded before import = 0Number of asset objects unloaded after import = 7

========================================================================
Received Import Request.
  Time since last request: 0.000048 seconds.
  path: Assets/coniferous_forest/models/trees/SM_pine_2.fbx
  artifactKey: Guid(48e0778377fa3234f8fe94d654c91b8c) Importer(815301076,1909f56bfc062723c751e8b465ee728b)
Start importing Assets/coniferous_forest/models/trees/SM_pine_2.fbx using Guid(48e0778377fa3234f8fe94d654c91b8c) Importer(815301076,1909f56bfc062723c751e8b465ee728b) (PreviewImporter) -> (artifact id: '6050ac9f643b72b007d51ab50f70c452') in 0.0372848 seconds
Number of updated asset objects reloaded before import = 0Number of asset objects unloaded after import = 12

========================================================================
Received Import Request.
  Time since last request: 0.000037 seconds.
  path: Assets/coniferous_forest/models/plants/SM_snowdrop.fbx
  artifactKey: Guid(a64bd94343dfe0e46b538921550aacdc) Importer(815301076,1909f56bfc062723c751e8b465ee728b)
Start importing Assets/coniferous_forest/models/plants/SM_snowdrop.fbx using Guid(a64bd94343dfe0e46b538921550aacdc) Importer(815301076,1909f56bfc062723c751e8b465ee728b) (PreviewImporter) -> (artifact id: 'abf059429128eaf54ab734a66a4d4dab') in 0.0201531 seconds
Number of updated asset objects reloaded before import = 0Number of asset objects unloaded after import = 7

========================================================================
Received Import Request.
  Time since last request: 0.000040 seconds.
  path: Assets/coniferous_forest/models/plants/SM_tamarind.fbx
  artifactKey: Guid(41daa8a82ea6e3442a15273d8add4ef1) Importer(815301076,1909f56bfc062723c751e8b465ee728b)
Start importing Assets/coniferous_forest/models/plants/SM_tamarind.fbx using Guid(41daa8a82ea6e3442a15273d8add4ef1) Importer(815301076,1909f56bfc062723c751e8b465ee728b) (PreviewImporter) -> (artifact id: '10f79e74750e1effb3a4a9069a19831d') in 0.0282142 seconds
Number of updated asset objects reloaded before import = 0Number of asset objects unloaded after import = 7

========================================================================
Received Import Request.
  Time since last request: 0.000048 seconds.
  path: Assets/coniferous_forest/models/plants/SM_sage.fbx
  artifactKey: Guid(407a12a67b99936498a11d734641432a) Importer(815301076,1909f56bfc062723c751e8b465ee728b)
Start importing Assets/coniferous_forest/models/plants/SM_sage.fbx using Guid(407a12a67b99936498a11d734641432a) Importer(815301076,1909f56bfc062723c751e8b465ee728b) (PreviewImporter) -> (artifact id: 'feb603779672047911111c2d935271fb') in 0.0298837 seconds
Number of updated asset objects reloaded before import = 0Number of asset objects unloaded after import = 7

========================================================================
Received Import Request.
  Time since last request: 0.000030 seconds.
  path: Assets/coniferous_forest/models/trees/SM_medium_spruce_1.fbx
  artifactKey: Guid(f3028361e8b24204fa487ad0cffd2b57) Importer(815301076,1909f56bfc062723c751e8b465ee728b)
Start importing Assets/coniferous_forest/models/trees/SM_medium_spruce_1.fbx using Guid(f3028361e8b24204fa487ad0cffd2b57) Importer(815301076,1909f56bfc062723c751e8b465ee728b) (PreviewImporter) -> (artifact id: '99cb7da34c67b2323d319f8464b4449a') in 0.0367266 seconds
Number of updated asset objects reloaded before import = 0Number of asset objects unloaded after import = 7

========================================================================
Received Import Request.
  Time since last request: 0.000043 seconds.
  path: Assets/coniferous_forest/models/trees/SM_large_spruce.fbx
  artifactKey: Guid(cf97f17ca66823e448521db69dc5afc8) Importer(815301076,1909f56bfc062723c751e8b465ee728b)
Start importing Assets/coniferous_forest/models/trees/SM_large_spruce.fbx using Guid(cf97f17ca66823e448521db69dc5afc8) Importer(815301076,1909f56bfc062723c751e8b465ee728b) (PreviewImporter) -> (artifact id: '15bd2cc1194555ca72ce5dd6f16ec72b') in 0.027929 seconds
Number of updated asset objects reloaded before import = 0Number of asset objects unloaded after import = 7

========================================================================
Received Import Request.
  Time since last request: 0.000056 seconds.
  path: Assets/coniferous_forest/Prefabs/plants/SM_grass_4.prefab
  artifactKey: Guid(19194aab4b956c5499daf8d707158e34) Importer(815301076,1909f56bfc062723c751e8b465ee728b)
Start importing Assets/coniferous_forest/Prefabs/plants/SM_grass_4.prefab using Guid(19194aab4b956c5499daf8d707158e34) Importer(815301076,1909f56bfc062723c751e8b465ee728b) (PreviewImporter) -> (artifact id: 'eeddcbcdb3cf2864005eea87db6d6683') in 0.0190852 seconds
Number of updated asset objects reloaded before import = 0Number of asset objects unloaded after import = 16

========================================================================
Received Import Request.
  Time since last request: 0.000038 seconds.
  path: Assets/coniferous_forest/models/plants/SM_tree_sprout.fbx
  artifactKey: Guid(45a4a7ec4b882684abd3e70b1b017104) Importer(815301076,1909f56bfc062723c751e8b465ee728b)
Start importing Assets/coniferous_forest/models/plants/SM_tree_sprout.fbx using Guid(45a4a7ec4b882684abd3e70b1b017104) Importer(815301076,1909f56bfc062723c751e8b465ee728b) (PreviewImporter) -> (artifact id: 'f7af5f745d6a9df9f8a48ee8f1c21494') in 0.0405226 seconds
Number of updated asset objects reloaded before import = 0Number of asset objects unloaded after import = 7

========================================================================
Received Import Request.
  Time since last request: 784.941496 seconds.
  path: Assets/Scenes/SampleScene.unity
  artifactKey: Guid(99c9720ab356a0642a771bea13969a05) Importer(2089858483,192608db42251d675da83286b1cce702)
Start importing Assets/Scenes/SampleScene.unity using Guid(99c9720ab356a0642a771bea13969a05) Importer(2089858483,192608db42251d675da83286b1cce702) (ScriptedImporter) -> (artifact id: '2ca50ddeaf02cfd9149974ff1e21b655') in 0.0156563 seconds
Number of updated asset objects reloaded before import = 0Number of asset objects unloaded after import = 1

========================================================================
Received Prepare
Begin MonoManager ReloadAssembly
[Licensing::Client] Successfully resolved entitlement details
- Loaded All Assemblies, in  3.428 seconds
Refreshing native plugins compatible for Editor in 3.87 ms, found 3 plugins.
Native extension for Android target not found
Native extension for UWP target not found
Native extension for WindowsStandalone target not found
[Package Manager] Failed to launch server process. Reason: Unity was launched with the -noUpm command-line argument
[Package Manager] Unable to send message (not connected to server process).
[Package Manager] Cannot connect to Unity Package Manager local server
Mono: successfully reloaded assembly
- Finished resetting the current domain, in  1.823 seconds
Domain Reload Profiling: 5270ms
	BeginReloadAssembly (1270ms)
		ExecutionOrderSort (4ms)
		DisableScriptedObjects (177ms)
		BackupInstance (0ms)
		ReleaseScriptingObjects (2ms)
		CreateAndSetChildDomain (593ms)
	RebuildCommonClasses (68ms)
	RebuildNativeTypeToScriptingClass (23ms)
	initialDomainReloadingComplete (67ms)
	LoadAllAssembliesAndSetupDomain (2018ms)
		LoadAssemblies (1588ms)
		RebuildTransferFunctionScriptingTraits (0ms)
		AnalyzeDomain (667ms)
			TypeCache.Refresh (26ms)
				TypeCache.ScanAssembly (0ms)
			BuildScriptInfoCaches (589ms)
			ResolveRequiredComponents (28ms)
	FinalizeReload (1825ms)
		ReleaseScriptCaches (0ms)
		RebuildScriptCaches (0ms)
		SetupLoadedEditorAssemblies (1317ms)
			LogAssemblyErrors (0ms)
			InitializePlatformSupportModulesInManaged (56ms)
			SetLoadedEditorAssemblies (9ms)
			BeforeProcessingInitializeOnLoad (262ms)
			ProcessInitializeOnLoadAttributes (746ms)
			ProcessInitializeOnLoadMethodAttributes (217ms)
			AfterProcessingInitializeOnLoad (25ms)
			EditorAssembliesLoaded (1ms)
		ExecutionOrderSort2 (0ms)
		AwakeInstancesAfterBackupRestoration (48ms)
Refreshing native plugins compatible for Editor in 3.91 ms, found 3 plugins.
Preloading 0 native plugins for Editor in 0.00 ms.
Unloading 14 Unused Serialized files (Serialized files now loaded: 0)
Unloading 6123 unused Assets / (4.8 MB). Loaded Objects now: 6896.
Memory consumption went from 146.7 MB to 141.9 MB.
Total: 25.091100 ms (FindLiveObjects: 2.307500 ms CreateObjectMapping: 1.305500 ms MarkObjects: 15.304800 ms  DeleteObjects: 6.167600 ms)

Prepare: number of updated asset objects reloaded= 0
========================================================================
Received Prepare
Begin MonoManager ReloadAssembly
[Licensing::Client] Successfully resolved entitlement details
- Loaded All Assemblies, in  1.223 seconds
Refreshing native plugins compatible for Editor in 2.38 ms, found 3 plugins.
Native extension for Android target not found
Native extension for UWP target not found
Native extension for WindowsStandalone target not found
[Package Manager] Failed to launch server process. Reason: Unity was launched with the -noUpm command-line argument
[Package Manager] Unable to send message (not connected to server process).
[Package Manager] Cannot connect to Unity Package Manager local server
Mono: successfully reloaded assembly
- Finished resetting the current domain, in  1.384 seconds
Domain Reload Profiling: 2594ms
	BeginReloadAssembly (324ms)
		ExecutionOrderSort (0ms)
		DisableScriptedObjects (6ms)
		BackupInstance (0ms)
		ReleaseScriptingObjects (0ms)
		CreateAndSetChildDomain (71ms)
	RebuildCommonClasses (57ms)
	RebuildNativeTypeToScriptingClass (20ms)
	initialDomainReloadingComplete (53ms)
	LoadAllAssembliesAndSetupDomain (756ms)
		LoadAssemblies (631ms)
		RebuildTransferFunctionScriptingTraits (0ms)
		AnalyzeDomain (282ms)
			TypeCache.Refresh (8ms)
				TypeCache.ScanAssembly (0ms)
			BuildScriptInfoCaches (249ms)
			ResolveRequiredComponents (17ms)
	FinalizeReload (1385ms)
		ReleaseScriptCaches (0ms)
		RebuildScriptCaches (0ms)
		SetupLoadedEditorAssemblies (1060ms)
			LogAssemblyErrors (0ms)
			InitializePlatformSupportModulesInManaged (53ms)
			SetLoadedEditorAssemblies (9ms)
			BeforeProcessingInitializeOnLoad (222ms)
			ProcessInitializeOnLoadAttributes (656ms)
			ProcessInitializeOnLoadMethodAttributes (104ms)
			AfterProcessingInitializeOnLoad (15ms)
			EditorAssembliesLoaded (0ms)
		ExecutionOrderSort2 (0ms)
		AwakeInstancesAfterBackupRestoration (41ms)
Refreshing native plugins compatible for Editor in 1.45 ms, found 3 plugins.
Preloading 0 native plugins for Editor in 0.00 ms.
Unloading 14 Unused Serialized files (Serialized files now loaded: 0)
Unloading 6122 unused Assets / (5.8 MB). Loaded Objects now: 6899.
Memory consumption went from 146.5 MB to 140.7 MB.
Total: 17.121500 ms (FindLiveObjects: 1.205500 ms CreateObjectMapping: 0.799900 ms MarkObjects: 7.944000 ms  DeleteObjects: 7.169400 ms)

Prepare: number of updated asset objects reloaded= 0
========================================================================
Received Import Request.
  Time since last request: 10475.719490 seconds.
  path: Assets/Scenes/SampleScene.unity
  artifactKey: Guid(99c9720ab356a0642a771bea13969a05) Importer(2089858483,192608db42251d675da83286b1cce702)
Start importing Assets/Scenes/SampleScene.unity using Guid(99c9720ab356a0642a771bea13969a05) Importer(2089858483,192608db42251d675da83286b1cce702) (ScriptedImporter) -> (artifact id: '65baecb0ea3bce19d63f42acdc7dadc3') in 0.3350573 seconds
Number of updated asset objects reloaded before import = 0Number of asset objects unloaded after import = 1

========================================================================
Received Import Request.
  Time since last request: 24.639923 seconds.
  path: Assets/BodyGuards/Meshes/screen.fbx
  artifactKey: Guid(a6e4323446051b94e961883501d13337) Importer(2089858483,192608db42251d675da83286b1cce702)
Start importing Assets/BodyGuards/Meshes/screen.fbx using Guid(a6e4323446051b94e961883501d13337) Importer(2089858483,192608db42251d675da83286b1cce702) (ScriptedImporter) -> (artifact id: '88d971cd471a099464402acb571ffd3e') in 0.2878443 seconds
Number of updated asset objects reloaded before import = 0Number of asset objects unloaded after import = 10

========================================================================
Received Import Request.
  Time since last request: 0.000039 seconds.
  path: Assets/BodyGuards/Meshes/Materials/Boduguard_02_D.mat
  artifactKey: Guid(6fcd9d698ea07974abf39f90181445d2) Importer(2089858483,192608db42251d675da83286b1cce702)
Start importing Assets/BodyGuards/Meshes/Materials/Boduguard_02_D.mat using Guid(6fcd9d698ea07974abf39f90181445d2) Importer(2089858483,192608db42251d675da83286b1cce702) (ScriptedImporter) -> (artifact id: 'cbe950a895a7e94264aa3d6100a4b23d') in 0.2802808 seconds
Number of updated asset objects reloaded before import = 0Number of asset objects unloaded after import = 5

========================================================================
Received Import Request.
  Time since last request: 0.000053 seconds.
  path: Assets/BodyGuards/Textures/Boduguard_03_D.tga
  artifactKey: Guid(ea0477d0fedaf194584b96f19b534c3e) Importer(2089858483,192608db42251d675da83286b1cce702)
Start importing Assets/BodyGuards/Textures/Boduguard_03_D.tga using Guid(ea0477d0fedaf194584b96f19b534c3e) Importer(2089858483,192608db42251d675da83286b1cce702) (ScriptedImporter) -> (artifact id: 'ba66326c35538f6d2b309afb7e80e9ec') in 0.0887845 seconds
Number of updated asset objects reloaded before import = 0Number of asset objects unloaded after import = 1

========================================================================
Received Import Request.
  Time since last request: 0.000027 seconds.
  path: Assets/BodyGuards/Textures/Boduguard_02_S.tga
  artifactKey: Guid(8be71c89d8f17fb49857815df64070ed) Importer(2089858483,192608db42251d675da83286b1cce702)
Start importing Assets/BodyGuards/Textures/Boduguard_02_S.tga using Guid(8be71c89d8f17fb49857815df64070ed) Importer(2089858483,192608db42251d675da83286b1cce702) (ScriptedImporter) -> (artifact id: '3bc0d3634c2903d2b58b187cb91f323d') in 0.024654 seconds
Number of updated asset objects reloaded before import = 0Number of asset objects unloaded after import = 1

========================================================================
Received Import Request.
  Time since last request: 0.000038 seconds.
  path: Assets/BodyGuards/Meshes/Materials/Boduguard_03_D.mat
  artifactKey: Guid(1c568156d9d473c42a9182ac94535a12) Importer(2089858483,192608db42251d675da83286b1cce702)
Start importing Assets/BodyGuards/Meshes/Materials/Boduguard_03_D.mat using Guid(1c568156d9d473c42a9182ac94535a12) Importer(2089858483,192608db42251d675da83286b1cce702) (ScriptedImporter) -> (artifact id: 'f8682a9066c56fd2501b11a40cc911a4') in 0.0267314 seconds
Number of updated asset objects reloaded before import = 0Number of asset objects unloaded after import = 5

========================================================================
Received Import Request.
  Time since last request: 0.000155 seconds.
  path: Assets/BodyGuards/Textures/Boduguard_01_D.tga
  artifactKey: Guid(0882e157fc9368c44ae9b825c74cf1af) Importer(2089858483,192608db42251d675da83286b1cce702)
Start importing Assets/BodyGuards/Textures/Boduguard_01_D.tga using Guid(0882e157fc9368c44ae9b825c74cf1af) Importer(2089858483,192608db42251d675da83286b1cce702) (ScriptedImporter) -> (artifact id: 'cebf346e711e1c13760126f85878e973') in 0.0204832 seconds
Number of updated asset objects reloaded before import = 0Number of asset objects unloaded after import = 1

========================================================================
Received Import Request.
  Time since last request: 0.000038 seconds.
  path: Assets/BodyGuards/Textures
  artifactKey: Guid(b74cb6020fc46a946b640dfd8b702089) Importer(2089858483,192608db42251d675da83286b1cce702)
Start importing Assets/BodyGuards/Textures using Guid(b74cb6020fc46a946b640dfd8b702089) Importer(2089858483,192608db42251d675da83286b1cce702) (ScriptedImporter) -> (artifact id: '8dcc568fe3945241d5c03faf07c4904c') in 0.009159 seconds
Number of updated asset objects reloaded before import = 0Number of asset objects unloaded after import = 1

========================================================================
Received Import Request.
  Time since last request: 0.000070 seconds.
  path: Assets/BodyGuards/Meshes/SkelMesh_Bodyguard_04.fbx
  artifactKey: Guid(69e0bf832ba8212478b45616cc569f75) Importer(2089858483,192608db42251d675da83286b1cce702)
Start importing Assets/BodyGuards/Meshes/SkelMesh_Bodyguard_04.fbx using Guid(69e0bf832ba8212478b45616cc569f75) Importer(2089858483,192608db42251d675da83286b1cce702) (ScriptedImporter) -> (artifact id: 'b02f1cdaa9c77b306245014e64b83cd4') in 0.0862808 seconds
Number of updated asset objects reloaded before import = 0Number of asset objects unloaded after import = 174

========================================================================
Received Import Request.
  Time since last request: 0.000060 seconds.
  path: Assets/BodyGuards
  artifactKey: Guid(718299b589685e842958fbb543cf9553) Importer(2089858483,192608db42251d675da83286b1cce702)
Start importing Assets/BodyGuards using Guid(718299b589685e842958fbb543cf9553) Importer(2089858483,192608db42251d675da83286b1cce702) (ScriptedImporter) -> (artifact id: 'e5a37f77fb75aaab920c705976f09b58') in 0.0074027 seconds
Number of updated asset objects reloaded before import = 0Number of asset objects unloaded after import = 1

========================================================================
Received Import Request.
  Time since last request: 0.000028 seconds.
  path: Assets/BodyGuards/Textures/Boduguard_01_N.tga
  artifactKey: Guid(542c0bc0f8220ad4fa97f4ac60d10aec) Importer(2089858483,192608db42251d675da83286b1cce702)
Start importing Assets/BodyGuards/Textures/Boduguard_01_N.tga using Guid(542c0bc0f8220ad4fa97f4ac60d10aec) Importer(2089858483,192608db42251d675da83286b1cce702) (ScriptedImporter) -> (artifact id: '5f3bab012e366c000d6d7c05ae19605e') in 0.0147218 seconds
Number of updated asset objects reloaded before import = 0Number of asset objects unloaded after import = 1

========================================================================
Received Import Request.
  Time since last request: 0.000035 seconds.
  path: Assets/BodyGuards/Meshes/Materials/Boduguard_01_D.mat
  artifactKey: Guid(27ec51287c78bfb479fe3729111634a4) Importer(2089858483,192608db42251d675da83286b1cce702)
Start importing Assets/BodyGuards/Meshes/Materials/Boduguard_01_D.mat using Guid(27ec51287c78bfb479fe3729111634a4) Importer(2089858483,192608db42251d675da83286b1cce702) (ScriptedImporter) -> (artifact id: '8d2da59da3fc5d2519d44d3c730130f8') in 0.0353972 seconds
Number of updated asset objects reloaded before import = 0Number of asset objects unloaded after import = 5

========================================================================
Received Import Request.
  Time since last request: 0.000055 seconds.
  path: Assets/BodyGuards/Textures/Boduguard_03_Ao.tga
  artifactKey: Guid(ad84309fd7596a7449d9d8cb704b30f4) Importer(2089858483,192608db42251d675da83286b1cce702)
Start importing Assets/BodyGuards/Textures/Boduguard_03_Ao.tga using Guid(ad84309fd7596a7449d9d8cb704b30f4) Importer(2089858483,192608db42251d675da83286b1cce702) (ScriptedImporter) -> (artifact id: 'b5de2b139db880f96c7f627ce8fe24b4') in 0.0253865 seconds
Number of updated asset objects reloaded before import = 0Number of asset objects unloaded after import = 1

========================================================================
Received Import Request.
  Time since last request: 0.000032 seconds.
  path: Assets/BodyGuards/BodyGuardsScene.unity
  artifactKey: Guid(67a05a7a676f7cc438c5e95580a1a9d6) Importer(2089858483,192608db42251d675da83286b1cce702)
Start importing Assets/BodyGuards/BodyGuardsScene.unity using Guid(67a05a7a676f7cc438c5e95580a1a9d6) Importer(2089858483,192608db42251d675da83286b1cce702) (ScriptedImporter) -> (artifact id: 'fbca54faffc6173ab06bdeac66114a1f') in 0.0106212 seconds
Number of updated asset objects reloaded before import = 0Number of asset objects unloaded after import = 1

========================================================================
Received Import Request.
  Time since last request: 8.387776 seconds.
  path: Assets/BodyGuards/Meshes/SkelMesh_Bodyguard_01.fbx
  artifactKey: Guid(bdd7a03fd93bf2d4cb6babd63ceabee8) Importer(815301076,1909f56bfc062723c751e8b465ee728b)
Start importing Assets/BodyGuards/Meshes/SkelMesh_Bodyguard_01.fbx using Guid(bdd7a03fd93bf2d4cb6babd63ceabee8) Importer(815301076,1909f56bfc062723c751e8b465ee728b) (PreviewImporter) -> (artifact id: 'f8d0ed3e9126650fd7041cf00050f600') in 1.2239721 seconds
Number of updated asset objects reloaded before import = 0Number of asset objects unloaded after import = 180

========================================================================
Received Import Request.
  Time since last request: 15.318915 seconds.
  path: Assets/BodyGuards/Meshes/SkelMesh_Bodyguard_02.fbx
  artifactKey: Guid(765e2fde8c84f094e99304c6198491ea) Importer(815301076,1909f56bfc062723c751e8b465ee728b)
Start importing Assets/BodyGuards/Meshes/SkelMesh_Bodyguard_02.fbx using Guid(765e2fde8c84f094e99304c6198491ea) Importer(815301076,1909f56bfc062723c751e8b465ee728b) (PreviewImporter) -> (artifact id: 'acae573ca69ebc7d9f60d9c269a4963f') in 5.5052433 seconds
Number of updated asset objects reloaded before import = 0Number of asset objects unloaded after import = 180

========================================================================
Received Import Request.
  Time since last request: 0.000067 seconds.
  path: Assets/BodyGuards/Meshes/Materials/Boduguard_02_D.mat
  artifactKey: Guid(6fcd9d698ea07974abf39f90181445d2) Importer(2089858483,192608db42251d675da83286b1cce702)
Start importing Assets/BodyGuards/Meshes/Materials/Boduguard_02_D.mat using Guid(6fcd9d698ea07974abf39f90181445d2) Importer(2089858483,192608db42251d675da83286b1cce702) (ScriptedImporter) -> (artifact id: '0cb83ea3e14129796f64db8e8df85f44') in 0.0389455 seconds
Number of updated asset objects reloaded before import = 0Number of asset objects unloaded after import = 5

========================================================================
Received Import Request.
  Time since last request: 0.000141 seconds.
  path: Assets/BodyGuards/Meshes/Materials/Screen.mat
  artifactKey: Guid(d96e8d03daef94649bd028f4efd2773f) Importer(2089858483,192608db42251d675da83286b1cce702)
Start importing Assets/BodyGuards/Meshes/Materials/Screen.mat using Guid(d96e8d03daef94649bd028f4efd2773f) Importer(2089858483,192608db42251d675da83286b1cce702) (ScriptedImporter) -> (artifact id: '5798edffe432adc0577828e20ed1e316') in 0.0161217 seconds
Number of updated asset objects reloaded before import = 0Number of asset objects unloaded after import = 1

========================================================================
Received Import Request.
  Time since last request: 0.000044 seconds.
  path: Assets/BodyGuards/Meshes/Materials/Boduguard_01_D.mat
  artifactKey: Guid(27ec51287c78bfb479fe3729111634a4) Importer(2089858483,192608db42251d675da83286b1cce702)
Start importing Assets/BodyGuards/Meshes/Materials/Boduguard_01_D.mat using Guid(27ec51287c78bfb479fe3729111634a4) Importer(2089858483,192608db42251d675da83286b1cce702) (ScriptedImporter) -> (artifact id: '0e6512b7c5ea0ab7f2d2bd8732c17c06') in 0.03371 seconds
Number of updated asset objects reloaded before import = 0Number of asset objects unloaded after import = 5

========================================================================
Received Import Request.
  Time since last request: 15.384197 seconds.
  path: Assets/BodyGuards/Meshes/Materials/Screen.mat
  artifactKey: Guid(d96e8d03daef94649bd028f4efd2773f) Importer(815301076,1909f56bfc062723c751e8b465ee728b)
Start importing Assets/BodyGuards/Meshes/Materials/Screen.mat using Guid(d96e8d03daef94649bd028f4efd2773f) Importer(815301076,1909f56bfc062723c751e8b465ee728b) (PreviewImporter) -> (artifact id: '838ef85bf405a46d71700956c759fc8a') in 3.891831 seconds
Number of updated asset objects reloaded before import = 0Number of asset objects unloaded after import = 1

========================================================================
Received Import Request.
  Time since last request: 7.050279 seconds.
  path: Assets/BodyGuards/Textures/Boduguard_01_D.tga
  artifactKey: Guid(0882e157fc9368c44ae9b825c74cf1af) Importer(815301076,1909f56bfc062723c751e8b465ee728b)
Start importing Assets/BodyGuards/Textures/Boduguard_01_D.tga using Guid(0882e157fc9368c44ae9b825c74cf1af) Importer(815301076,1909f56bfc062723c751e8b465ee728b) (PreviewImporter) -> (artifact id: '087375be9925220506f580e1cb95d04c') in 0.0757577 seconds
Number of updated asset objects reloaded before import = 0Number of asset objects unloaded after import = 2

========================================================================
Received Import Request.
  Time since last request: 0.000042 seconds.
  path: Assets/BodyGuards/Textures/Boduguard_01_S.tga
  artifactKey: Guid(5b3c912b65d23a74cb3e721f3f7090b0) Importer(815301076,1909f56bfc062723c751e8b465ee728b)
Start importing Assets/BodyGuards/Textures/Boduguard_01_S.tga using Guid(5b3c912b65d23a74cb3e721f3f7090b0) Importer(815301076,1909f56bfc062723c751e8b465ee728b) (PreviewImporter) -> (artifact id: '9d8dc9314ba2caee6c0bfdf15ab8c1a8') in 0.080632 seconds
Number of updated asset objects reloaded before import = 0Number of asset objects unloaded after import = 2

========================================================================
Received Import Request.
  Time since last request: 0.000065 seconds.
  path: Assets/BodyGuards/Textures/Boduguard_03_Ao.tga
  artifactKey: Guid(ad84309fd7596a7449d9d8cb704b30f4) Importer(815301076,1909f56bfc062723c751e8b465ee728b)
Start importing Assets/BodyGuards/Textures/Boduguard_03_Ao.tga using Guid(ad84309fd7596a7449d9d8cb704b30f4) Importer(815301076,1909f56bfc062723c751e8b465ee728b) (PreviewImporter) -> (artifact id: 'a8cc431ff3e05b32010116e371e5c19d') in 0.0621515 seconds
Number of updated asset objects reloaded before import = 0Number of asset objects unloaded after import = 2

========================================================================
Received Import Request.
  Time since last request: 0.000043 seconds.
  path: Assets/BodyGuards/Textures/Boduguard_02_D.tga
  artifactKey: Guid(d8505e7e18d338c4fba1e1250fefbf6f) Importer(815301076,1909f56bfc062723c751e8b465ee728b)
Start importing Assets/BodyGuards/Textures/Boduguard_02_D.tga using Guid(d8505e7e18d338c4fba1e1250fefbf6f) Importer(815301076,1909f56bfc062723c751e8b465ee728b) (PreviewImporter) -> (artifact id: '70943171130b15c6b7bbce2dc33ca5aa') in 0.0501764 seconds
Number of updated asset objects reloaded before import = 0Number of asset objects unloaded after import = 2

========================================================================
Received Prepare
Begin MonoManager ReloadAssembly
[Licensing::Client] Successfully resolved entitlement details
- Loaded All Assemblies, in  3.953 seconds
Refreshing native plugins compatible for Editor in 3.33 ms, found 3 plugins.
Native extension for Android target not found
Native extension for UWP target not found
Native extension for WindowsStandalone target not found
[Package Manager] Failed to launch server process. Reason: Unity was launched with the -noUpm command-line argument
[Package Manager] Unable to send message (not connected to server process).
[Package Manager] Cannot connect to Unity Package Manager local server
Mono: successfully reloaded assembly
- Finished resetting the current domain, in  1.293 seconds
Domain Reload Profiling: 5268ms
	BeginReloadAssembly (1909ms)
		ExecutionOrderSort (2ms)
		DisableScriptedObjects (309ms)
		BackupInstance (0ms)
		ReleaseScriptingObjects (4ms)
		CreateAndSetChildDomain (827ms)
	RebuildCommonClasses (60ms)
	RebuildNativeTypeToScriptingClass (13ms)
	initialDomainReloadingComplete (86ms)
	LoadAllAssembliesAndSetupDomain (1906ms)
		LoadAssemblies (1576ms)
		RebuildTransferFunctionScriptingTraits (0ms)
		AnalyzeDomain (686ms)
			TypeCache.Refresh (32ms)
				TypeCache.ScanAssembly (0ms)
			BuildScriptInfoCaches (613ms)
			ResolveRequiredComponents (19ms)
	FinalizeReload (1294ms)
		ReleaseScriptCaches (0ms)
		RebuildScriptCaches (0ms)
		SetupLoadedEditorAssemblies (944ms)
			LogAssemblyErrors (0ms)
			InitializePlatformSupportModulesInManaged (65ms)
			SetLoadedEditorAssemblies (7ms)
			BeforeProcessingInitializeOnLoad (188ms)
			ProcessInitializeOnLoadAttributes (576ms)
			ProcessInitializeOnLoadMethodAttributes (99ms)
			AfterProcessingInitializeOnLoad (8ms)
			EditorAssembliesLoaded (1ms)
		ExecutionOrderSort2 (0ms)
		AwakeInstancesAfterBackupRestoration (30ms)
Refreshing native plugins compatible for Editor in 2.43 ms, found 3 plugins.
Preloading 0 native plugins for Editor in 0.00 ms.
Unloading 14 Unused Serialized files (Serialized files now loaded: 0)
Unloading 6123 unused Assets / (3.0 MB). Loaded Objects now: 6958.
Memory consumption went from 153.6 MB to 150.6 MB.
Total: 9.962300 ms (FindLiveObjects: 0.654700 ms CreateObjectMapping: 0.680600 ms MarkObjects: 6.232000 ms  DeleteObjects: 2.392500 ms)

Prepare: number of updated asset objects reloaded= 0
========================================================================
Received Prepare
Begin MonoManager ReloadAssembly
[Licensing::Client] Successfully resolved entitlement details
- Loaded All Assemblies, in  0.978 seconds
Refreshing native plugins compatible for Editor in 2.03 ms, found 3 plugins.
Native extension for Android target not found
Native extension for UWP target not found
Native extension for WindowsStandalone target not found
[Package Manager] Failed to launch server process. Reason: Unity was launched with the -noUpm command-line argument
[Package Manager] Unable to send message (not connected to server process).
[Package Manager] Cannot connect to Unity Package Manager local server
Mono: successfully reloaded assembly
- Finished resetting the current domain, in  1.111 seconds
Domain Reload Profiling: 2089ms
	BeginReloadAssembly (248ms)
		ExecutionOrderSort (0ms)
		DisableScriptedObjects (6ms)
		BackupInstance (0ms)
		ReleaseScriptingObjects (0ms)
		CreateAndSetChildDomain (50ms)
	RebuildCommonClasses (45ms)
	RebuildNativeTypeToScriptingClass (11ms)
	initialDomainReloadingComplete (54ms)
	LoadAllAssembliesAndSetupDomain (620ms)
		LoadAssemblies (546ms)
		RebuildTransferFunctionScriptingTraits (0ms)
		AnalyzeDomain (192ms)
			TypeCache.Refresh (7ms)
				TypeCache.ScanAssembly (0ms)
			BuildScriptInfoCaches (163ms)
			ResolveRequiredComponents (16ms)
	FinalizeReload (1112ms)
		ReleaseScriptCaches (0ms)
		RebuildScriptCaches (0ms)
		SetupLoadedEditorAssemblies (876ms)
			LogAssemblyErrors (0ms)
			InitializePlatformSupportModulesInManaged (36ms)
			SetLoadedEditorAssemblies (8ms)
			BeforeProcessingInitializeOnLoad (200ms)
			ProcessInitializeOnLoadAttributes (536ms)
			ProcessInitializeOnLoadMethodAttributes (85ms)
			AfterProcessingInitializeOnLoad (12ms)
			EditorAssembliesLoaded (0ms)
		ExecutionOrderSort2 (0ms)
		AwakeInstancesAfterBackupRestoration (22ms)
Refreshing native plugins compatible for Editor in 1.99 ms, found 3 plugins.
Preloading 0 native plugins for Editor in 0.00 ms.
Unloading 14 Unused Serialized files (Serialized files now loaded: 0)
Unloading 6122 unused Assets / (5.0 MB). Loaded Objects now: 6961.
Memory consumption went from 153.5 MB to 148.6 MB.
Total: 9.421500 ms (FindLiveObjects: 0.644200 ms CreateObjectMapping: 0.639300 ms MarkObjects: 4.603500 ms  DeleteObjects: 3.532500 ms)

Prepare: number of updated asset objects reloaded= 0
========================================================================
Received Prepare
Begin MonoManager ReloadAssembly
[Licensing::Client] Successfully resolved entitlement details
- Loaded All Assemblies, in  0.878 seconds
Refreshing native plugins compatible for Editor in 1.11 ms, found 3 plugins.
Native extension for Android target not found
Native extension for UWP target not found
Native extension for WindowsStandalone target not found
[Package Manager] Failed to launch server process. Reason: Unity was launched with the -noUpm command-line argument
[Package Manager] Unable to send message (not connected to server process).
[Package Manager] Cannot connect to Unity Package Manager local server
Mono: successfully reloaded assembly
- Finished resetting the current domain, in  0.988 seconds
Domain Reload Profiling: 1858ms
	BeginReloadAssembly (237ms)
		ExecutionOrderSort (0ms)
		DisableScriptedObjects (5ms)
		BackupInstance (0ms)
		ReleaseScriptingObjects (0ms)
		CreateAndSetChildDomain (53ms)
	RebuildCommonClasses (52ms)
	RebuildNativeTypeToScriptingClass (12ms)
	initialDomainReloadingComplete (35ms)
	LoadAllAssembliesAndSetupDomain (534ms)
		LoadAssemblies (450ms)
		RebuildTransferFunctionScriptingTraits (0ms)
		AnalyzeDomain (198ms)
			TypeCache.Refresh (9ms)
				TypeCache.ScanAssembly (0ms)
			BuildScriptInfoCaches (173ms)
			ResolveRequiredComponents (11ms)
	FinalizeReload (988ms)
		ReleaseScriptCaches (0ms)
		RebuildScriptCaches (0ms)
		SetupLoadedEditorAssemblies (786ms)
			LogAssemblyErrors (0ms)
			InitializePlatformSupportModulesInManaged (38ms)
			SetLoadedEditorAssemblies (8ms)
			BeforeProcessingInitializeOnLoad (197ms)
			ProcessInitializeOnLoadAttributes (468ms)
			ProcessInitializeOnLoadMethodAttributes (60ms)
			AfterProcessingInitializeOnLoad (14ms)
			EditorAssembliesLoaded (0ms)
		ExecutionOrderSort2 (0ms)
		AwakeInstancesAfterBackupRestoration (17ms)
Refreshing native plugins compatible for Editor in 3.67 ms, found 3 plugins.
Preloading 0 native plugins for Editor in 0.00 ms.
Unloading 14 Unused Serialized files (Serialized files now loaded: 0)
Unloading 6122 unused Assets / (5.1 MB). Loaded Objects now: 6964.
Memory consumption went from 153.5 MB to 148.5 MB.
Total: 11.752000 ms (FindLiveObjects: 1.831900 ms CreateObjectMapping: 1.066200 ms MarkObjects: 5.826700 ms  DeleteObjects: 3.023300 ms)

Prepare: number of updated asset objects reloaded= 0
========================================================================
Received Prepare
Begin MonoManager ReloadAssembly
- Loaded All Assemblies, in  0.899 seconds
Refreshing native plugins compatible for Editor in 0.92 ms, found 3 plugins.
Native extension for Android target not found
Native extension for UWP target not found
Native extension for WindowsStandalone target not found
[Package Manager] Failed to launch server process. Reason: Unity was launched with the -noUpm command-line argument
[Package Manager] Unable to send message (not connected to server process).
[Package Manager] Cannot connect to Unity Package Manager local server
Mono: successfully reloaded assembly
- Finished resetting the current domain, in  1.039 seconds
Domain Reload Profiling: 1938ms
	BeginReloadAssembly (234ms)
		ExecutionOrderSort (0ms)
		DisableScriptedObjects (9ms)
		BackupInstance (0ms)
		ReleaseScriptingObjects (0ms)
		CreateAndSetChildDomain (55ms)
	RebuildCommonClasses (38ms)
	RebuildNativeTypeToScriptingClass (11ms)
	initialDomainReloadingComplete (32ms)
	LoadAllAssembliesAndSetupDomain (584ms)
		LoadAssemblies (473ms)
		RebuildTransferFunctionScriptingTraits (0ms)
		AnalyzeDomain (212ms)
			TypeCache.Refresh (8ms)
				TypeCache.ScanAssembly (0ms)
			BuildScriptInfoCaches (188ms)
			ResolveRequiredComponents (12ms)
	FinalizeReload (1039ms)
		ReleaseScriptCaches (0ms)
		RebuildScriptCaches (0ms)
		SetupLoadedEditorAssemblies (795ms)
			LogAssemblyErrors (0ms)
			InitializePlatformSupportModulesInManaged (30ms)
			SetLoadedEditorAssemblies (11ms)
			BeforeProcessingInitializeOnLoad (187ms)
			ProcessInitializeOnLoadAttributes (472ms)
			ProcessInitializeOnLoadMethodAttributes (85ms)
			AfterProcessingInitializeOnLoad (10ms)
			EditorAssembliesLoaded (0ms)
		ExecutionOrderSort2 (0ms)
		AwakeInstancesAfterBackupRestoration (38ms)
Refreshing native plugins compatible for Editor in 1.28 ms, found 3 plugins.
Preloading 0 native plugins for Editor in 0.00 ms.
Unloading 14 Unused Serialized files (Serialized files now loaded: 0)
Unloading 6122 unused Assets / (5.1 MB). Loaded Objects now: 6967.
Memory consumption went from 153.6 MB to 148.5 MB.
Total: 16.417600 ms (FindLiveObjects: 0.984200 ms CreateObjectMapping: 0.623600 ms MarkObjects: 9.762400 ms  DeleteObjects: 5.043300 ms)

Prepare: number of updated asset objects reloaded= 0
========================================================================
Received Prepare
Begin MonoManager ReloadAssembly
[Licensing::Client] Successfully resolved entitlement details
- Loaded All Assemblies, in  0.838 seconds
Refreshing native plugins compatible for Editor in 1.03 ms, found 3 plugins.
Native extension for Android target not found
Native extension for UWP target not found
Native extension for WindowsStandalone target not found
[Package Manager] Failed to launch server process. Reason: Unity was launched with the -noUpm command-line argument
[Package Manager] Unable to send message (not connected to server process).
[Package Manager] Cannot connect to Unity Package Manager local server
Mono: successfully reloaded assembly
- Finished resetting the current domain, in  1.068 seconds
Domain Reload Profiling: 1903ms
	BeginReloadAssembly (233ms)
		ExecutionOrderSort (0ms)
		DisableScriptedObjects (6ms)
		BackupInstance (0ms)
		ReleaseScriptingObjects (0ms)
		CreateAndSetChildDomain (48ms)
	RebuildCommonClasses (37ms)
	RebuildNativeTypeToScriptingClass (11ms)
	initialDomainReloadingComplete (27ms)
	LoadAllAssembliesAndSetupDomain (526ms)
		LoadAssemblies (448ms)
		RebuildTransferFunctionScriptingTraits (0ms)
		AnalyzeDomain (193ms)
			TypeCache.Refresh (6ms)
				TypeCache.ScanAssembly (0ms)
			BuildScriptInfoCaches (173ms)
			ResolveRequiredComponents (10ms)
	FinalizeReload (1069ms)
		ReleaseScriptCaches (0ms)
		RebuildScriptCaches (0ms)
		SetupLoadedEditorAssemblies (811ms)
			LogAssemblyErrors (0ms)
			InitializePlatformSupportModulesInManaged (34ms)
			SetLoadedEditorAssemblies (7ms)
			BeforeProcessingInitializeOnLoad (208ms)
			ProcessInitializeOnLoadAttributes (480ms)
			ProcessInitializeOnLoadMethodAttributes (72ms)
			AfterProcessingInitializeOnLoad (9ms)
			EditorAssembliesLoaded (1ms)
		ExecutionOrderSort2 (0ms)
		AwakeInstancesAfterBackupRestoration (29ms)
Refreshing native plugins compatible for Editor in 1.25 ms, found 3 plugins.
Preloading 0 native plugins for Editor in 0.00 ms.
Unloading 14 Unused Serialized files (Serialized files now loaded: 0)
Unloading 6122 unused Assets / (4.0 MB). Loaded Objects now: 6970.
Memory consumption went from 153.6 MB to 149.6 MB.
Total: 9.110000 ms (FindLiveObjects: 0.675300 ms CreateObjectMapping: 0.719300 ms MarkObjects: 5.415700 ms  DeleteObjects: 2.298000 ms)

Prepare: number of updated asset objects reloaded= 0
========================================================================
Received Prepare
Begin MonoManager ReloadAssembly
- Loaded All Assemblies, in  0.871 seconds
Refreshing native plugins compatible for Editor in 2.06 ms, found 3 plugins.
Native extension for Android target not found
Native extension for UWP target not found
Native extension for WindowsStandalone target not found
[Package Manager] Failed to launch server process. Reason: Unity was launched with the -noUpm command-line argument
[Package Manager] Unable to send message (not connected to server process).
[Package Manager] Cannot connect to Unity Package Manager local server
Mono: successfully reloaded assembly
- Finished resetting the current domain, in  1.029 seconds
Domain Reload Profiling: 1900ms
	BeginReloadAssembly (240ms)
		ExecutionOrderSort (0ms)
		DisableScriptedObjects (5ms)
		BackupInstance (0ms)
		ReleaseScriptingObjects (0ms)
		CreateAndSetChildDomain (47ms)
	RebuildCommonClasses (46ms)
	RebuildNativeTypeToScriptingClass (13ms)
	initialDomainReloadingComplete (32ms)
	LoadAllAssembliesAndSetupDomain (540ms)
		LoadAssemblies (452ms)
		RebuildTransferFunctionScriptingTraits (0ms)
		AnalyzeDomain (205ms)
			TypeCache.Refresh (7ms)
				TypeCache.ScanAssembly (0ms)
			BuildScriptInfoCaches (184ms)
			ResolveRequiredComponents (10ms)
	FinalizeReload (1030ms)
		ReleaseScriptCaches (0ms)
		RebuildScriptCaches (0ms)
		SetupLoadedEditorAssemblies (779ms)
			LogAssemblyErrors (0ms)
			InitializePlatformSupportModulesInManaged (34ms)
			SetLoadedEditorAssemblies (9ms)
			BeforeProcessingInitializeOnLoad (206ms)
			ProcessInitializeOnLoadAttributes (458ms)
			ProcessInitializeOnLoadMethodAttributes (64ms)
			AfterProcessingInitializeOnLoad (7ms)
			EditorAssembliesLoaded (0ms)
		ExecutionOrderSort2 (0ms)
		AwakeInstancesAfterBackupRestoration (22ms)
Refreshing native plugins compatible for Editor in 1.68 ms, found 3 plugins.
Preloading 0 native plugins for Editor in 0.00 ms.
Unloading 14 Unused Serialized files (Serialized files now loaded: 0)
Unloading 6122 unused Assets / (4.7 MB). Loaded Objects now: 6973.
Memory consumption went from 153.7 MB to 149.0 MB.
Total: 13.169900 ms (FindLiveObjects: 1.072600 ms CreateObjectMapping: 1.066300 ms MarkObjects: 7.659700 ms  DeleteObjects: 3.369100 ms)

Prepare: number of updated asset objects reloaded= 0
========================================================================
Received Prepare
Begin MonoManager ReloadAssembly
[Licensing::Client] Successfully resolved entitlement details
- Loaded All Assemblies, in  0.881 seconds
Refreshing native plugins compatible for Editor in 1.47 ms, found 3 plugins.
Native extension for Android target not found
Native extension for UWP target not found
Native extension for WindowsStandalone target not found
[Package Manager] Failed to launch server process. Reason: Unity was launched with the -noUpm command-line argument
[Package Manager] Unable to send message (not connected to server process).
[Package Manager] Cannot connect to Unity Package Manager local server
Mono: successfully reloaded assembly
- Finished resetting the current domain, in  1.002 seconds
Domain Reload Profiling: 1879ms
	BeginReloadAssembly (234ms)
		ExecutionOrderSort (0ms)
		DisableScriptedObjects (5ms)
		BackupInstance (0ms)
		ReleaseScriptingObjects (0ms)
		CreateAndSetChildDomain (48ms)
	RebuildCommonClasses (42ms)
	RebuildNativeTypeToScriptingClass (11ms)
	initialDomainReloadingComplete (38ms)
	LoadAllAssembliesAndSetupDomain (551ms)
		LoadAssemblies (464ms)
		RebuildTransferFunctionScriptingTraits (0ms)
		AnalyzeDomain (190ms)
			TypeCache.Refresh (7ms)
				TypeCache.ScanAssembly (0ms)
			BuildScriptInfoCaches (170ms)
			ResolveRequiredComponents (9ms)
	FinalizeReload (1003ms)
		ReleaseScriptCaches (0ms)
		RebuildScriptCaches (0ms)
		SetupLoadedEditorAssemblies (768ms)
			LogAssemblyErrors (0ms)
			InitializePlatformSupportModulesInManaged (36ms)
			SetLoadedEditorAssemblies (8ms)
			BeforeProcessingInitializeOnLoad (189ms)
			ProcessInitializeOnLoadAttributes (455ms)
			ProcessInitializeOnLoadMethodAttributes (68ms)
			AfterProcessingInitializeOnLoad (11ms)
			EditorAssembliesLoaded (1ms)
		ExecutionOrderSort2 (0ms)
		AwakeInstancesAfterBackupRestoration (23ms)
Refreshing native plugins compatible for Editor in 1.90 ms, found 3 plugins.
Preloading 0 native plugins for Editor in 0.00 ms.
Unloading 14 Unused Serialized files (Serialized files now loaded: 0)
Unloading 6122 unused Assets / (4.4 MB). Loaded Objects now: 6976.
Memory consumption went from 153.7 MB to 149.3 MB.
Total: 12.983900 ms (FindLiveObjects: 0.768500 ms CreateObjectMapping: 0.763300 ms MarkObjects: 8.533100 ms  DeleteObjects: 2.916900 ms)

Prepare: number of updated asset objects reloaded= 0
========================================================================
Received Prepare
Begin MonoManager ReloadAssembly
[Licensing::Client] Successfully resolved entitlement details
- Loaded All Assemblies, in  0.840 seconds
Refreshing native plugins compatible for Editor in 1.07 ms, found 3 plugins.
Native extension for Android target not found
Native extension for UWP target not found
Native extension for WindowsStandalone target not found
[Package Manager] Failed to launch server process. Reason: Unity was launched with the -noUpm command-line argument
[Package Manager] Unable to send message (not connected to server process).
[Package Manager] Cannot connect to Unity Package Manager local server
Mono: successfully reloaded assembly
- Finished resetting the current domain, in  1.083 seconds
Domain Reload Profiling: 1923ms
	BeginReloadAssembly (253ms)
		ExecutionOrderSort (0ms)
		DisableScriptedObjects (7ms)
		BackupInstance (0ms)
		ReleaseScriptingObjects (0ms)
		CreateAndSetChildDomain (52ms)
	RebuildCommonClasses (40ms)
	RebuildNativeTypeToScriptingClass (19ms)
	initialDomainReloadingComplete (31ms)
	LoadAllAssembliesAndSetupDomain (495ms)
		LoadAssemblies (429ms)
		RebuildTransferFunctionScriptingTraits (0ms)
		AnalyzeDomain (183ms)
			TypeCache.Refresh (6ms)
				TypeCache.ScanAssembly (0ms)
			BuildScriptInfoCaches (157ms)
			ResolveRequiredComponents (15ms)
	FinalizeReload (1084ms)
		ReleaseScriptCaches (0ms)
		RebuildScriptCaches (0ms)
		SetupLoadedEditorAssemblies (816ms)
			LogAssemblyErrors (0ms)
			InitializePlatformSupportModulesInManaged (40ms)
			SetLoadedEditorAssemblies (8ms)
			BeforeProcessingInitializeOnLoad (226ms)
			ProcessInitializeOnLoadAttributes (468ms)
			ProcessInitializeOnLoadMethodAttributes (66ms)
			AfterProcessingInitializeOnLoad (8ms)
			EditorAssembliesLoaded (0ms)
		ExecutionOrderSort2 (0ms)
		AwakeInstancesAfterBackupRestoration (23ms)
Refreshing native plugins compatible for Editor in 2.00 ms, found 3 plugins.
Preloading 0 native plugins for Editor in 0.00 ms.
Unloading 14 Unused Serialized files (Serialized files now loaded: 0)
Unloading 6122 unused Assets / (4.3 MB). Loaded Objects now: 6979.
Memory consumption went from 153.8 MB to 149.5 MB.
Total: 11.896100 ms (FindLiveObjects: 1.319200 ms CreateObjectMapping: 1.844400 ms MarkObjects: 5.851400 ms  DeleteObjects: 2.879100 ms)

Prepare: number of updated asset objects reloaded= 0
========================================================================
Received Prepare
Begin MonoManager ReloadAssembly
- Loaded All Assemblies, in  0.870 seconds
Refreshing native plugins compatible for Editor in 0.90 ms, found 3 plugins.
Native extension for Android target not found
Native extension for UWP target not found
Native extension for WindowsStandalone target not found
[Package Manager] Failed to launch server process. Reason: Unity was launched with the -noUpm command-line argument
[Package Manager] Unable to send message (not connected to server process).
[Package Manager] Cannot connect to Unity Package Manager local server
Mono: successfully reloaded assembly
- Finished resetting the current domain, in  1.468 seconds
Domain Reload Profiling: 2333ms
	BeginReloadAssembly (235ms)
		ExecutionOrderSort (0ms)
		DisableScriptedObjects (8ms)
		BackupInstance (0ms)
		ReleaseScriptingObjects (0ms)
		CreateAndSetChildDomain (55ms)
	RebuildCommonClasses (41ms)
	RebuildNativeTypeToScriptingClass (11ms)
	initialDomainReloadingComplete (38ms)
	LoadAllAssembliesAndSetupDomain (540ms)
		LoadAssemblies (432ms)
		RebuildTransferFunctionScriptingTraits (0ms)
		AnalyzeDomain (215ms)
			TypeCache.Refresh (10ms)
				TypeCache.ScanAssembly (0ms)
			BuildScriptInfoCaches (187ms)
			ResolveRequiredComponents (14ms)
	FinalizeReload (1468ms)
		ReleaseScriptCaches (0ms)
		RebuildScriptCaches (0ms)
		SetupLoadedEditorAssemblies (1240ms)
			LogAssemblyErrors (0ms)
			InitializePlatformSupportModulesInManaged (39ms)
			SetLoadedEditorAssemblies (7ms)
			BeforeProcessingInitializeOnLoad (205ms)
			ProcessInitializeOnLoadAttributes (913ms)
			ProcessInitializeOnLoadMethodAttributes (69ms)
			AfterProcessingInitializeOnLoad (7ms)
			EditorAssembliesLoaded (0ms)
		ExecutionOrderSort2 (0ms)
		AwakeInstancesAfterBackupRestoration (25ms)
Refreshing native plugins compatible for Editor in 1.15 ms, found 3 plugins.
Preloading 0 native plugins for Editor in 0.00 ms.
Unloading 14 Unused Serialized files (Serialized files now loaded: 0)
Unloading 6122 unused Assets / (3.9 MB). Loaded Objects now: 6982.
Memory consumption went from 153.8 MB to 149.9 MB.
Total: 7.301900 ms (FindLiveObjects: 0.575200 ms CreateObjectMapping: 0.575000 ms MarkObjects: 4.251500 ms  DeleteObjects: 1.898700 ms)

Prepare: number of updated asset objects reloaded= 0
========================================================================
Received Prepare
Begin MonoManager ReloadAssembly
- Loaded All Assemblies, in  0.910 seconds
Refreshing native plugins compatible for Editor in 3.39 ms, found 3 plugins.
Native extension for Android target not found
Native extension for UWP target not found
Native extension for WindowsStandalone target not found
[Package Manager] Failed to launch server process. Reason: Unity was launched with the -noUpm command-line argument
[Package Manager] Unable to send message (not connected to server process).
[Package Manager] Cannot connect to Unity Package Manager local server
Mono: successfully reloaded assembly
- Finished resetting the current domain, in  1.036 seconds
Domain Reload Profiling: 1946ms
	BeginReloadAssembly (263ms)
		ExecutionOrderSort (0ms)
		DisableScriptedObjects (8ms)
		BackupInstance (0ms)
		ReleaseScriptingObjects (0ms)
		CreateAndSetChildDomain (47ms)
	RebuildCommonClasses (45ms)
	RebuildNativeTypeToScriptingClass (18ms)
	initialDomainReloadingComplete (40ms)
	LoadAllAssembliesAndSetupDomain (543ms)
		LoadAssemblies (474ms)
		RebuildTransferFunctionScriptingTraits (0ms)
		AnalyzeDomain (216ms)
			TypeCache.Refresh (6ms)
				TypeCache.ScanAssembly (0ms)
			BuildScriptInfoCaches (196ms)
			ResolveRequiredComponents (9ms)
	FinalizeReload (1037ms)
		ReleaseScriptCaches (0ms)
		RebuildScriptCaches (0ms)
		SetupLoadedEditorAssemblies (785ms)
			LogAssemblyErrors (0ms)
			InitializePlatformSupportModulesInManaged (33ms)
			SetLoadedEditorAssemblies (8ms)
			BeforeProcessingInitializeOnLoad (200ms)
			ProcessInitializeOnLoadAttributes (466ms)
			ProcessInitializeOnLoadMethodAttributes (69ms)
			AfterProcessingInitializeOnLoad (9ms)
			EditorAssembliesLoaded (1ms)
		ExecutionOrderSort2 (0ms)
		AwakeInstancesAfterBackupRestoration (22ms)
Refreshing native plugins compatible for Editor in 1.62 ms, found 3 plugins.
Preloading 0 native plugins for Editor in 0.00 ms.
Unloading 14 Unused Serialized files (Serialized files now loaded: 0)
Unloading 6122 unused Assets / (4.6 MB). Loaded Objects now: 6985.
Memory consumption went from 153.9 MB to 149.2 MB.
Total: 9.838200 ms (FindLiveObjects: 1.097200 ms CreateObjectMapping: 0.656100 ms MarkObjects: 5.752500 ms  DeleteObjects: 2.330700 ms)

Prepare: number of updated asset objects reloaded= 0
========================================================================
Received Prepare
Begin MonoManager ReloadAssembly
- Loaded All Assemblies, in  0.857 seconds
Refreshing native plugins compatible for Editor in 2.19 ms, found 3 plugins.
Native extension for Android target not found
Native extension for UWP target not found
Native extension for WindowsStandalone target not found
[Package Manager] Failed to launch server process. Reason: Unity was launched with the -noUpm command-line argument
[Package Manager] Unable to send message (not connected to server process).
[Package Manager] Cannot connect to Unity Package Manager local server
Mono: successfully reloaded assembly
- Finished resetting the current domain, in  1.004 seconds
Domain Reload Profiling: 1856ms
	BeginReloadAssembly (234ms)
		ExecutionOrderSort (0ms)
		DisableScriptedObjects (5ms)
		BackupInstance (0ms)
		ReleaseScriptingObjects (0ms)
		CreateAndSetChildDomain (56ms)
	RebuildCommonClasses (32ms)
	RebuildNativeTypeToScriptingClass (15ms)
	initialDomainReloadingComplete (32ms)
	LoadAllAssembliesAndSetupDomain (539ms)
		LoadAssemblies (433ms)
		RebuildTransferFunctionScriptingTraits (0ms)
		AnalyzeDomain (209ms)
			TypeCache.Refresh (7ms)
				TypeCache.ScanAssembly (0ms)
			BuildScriptInfoCaches (188ms)
			ResolveRequiredComponents (9ms)
	FinalizeReload (1005ms)
		ReleaseScriptCaches (0ms)
		RebuildScriptCaches (0ms)
		SetupLoadedEditorAssemblies (783ms)
			LogAssemblyErrors (0ms)
			InitializePlatformSupportModulesInManaged (33ms)
			SetLoadedEditorAssemblies (13ms)
			BeforeProcessingInitializeOnLoad (198ms)
			ProcessInitializeOnLoadAttributes (455ms)
			ProcessInitializeOnLoadMethodAttributes (71ms)
			AfterProcessingInitializeOnLoad (14ms)
			EditorAssembliesLoaded (0ms)
		ExecutionOrderSort2 (0ms)
		AwakeInstancesAfterBackupRestoration (19ms)
Refreshing native plugins compatible for Editor in 1.48 ms, found 3 plugins.
Preloading 0 native plugins for Editor in 0.00 ms.
Unloading 14 Unused Serialized files (Serialized files now loaded: 0)
Unloading 6122 unused Assets / (4.4 MB). Loaded Objects now: 6988.
Memory consumption went from 153.9 MB to 149.6 MB.
Total: 14.042600 ms (FindLiveObjects: 1.162300 ms CreateObjectMapping: 1.278900 ms MarkObjects: 8.688400 ms  DeleteObjects: 2.910900 ms)

Prepare: number of updated asset objects reloaded= 0
========================================================================
Received Prepare
Begin MonoManager ReloadAssembly
[Licensing::Client] Successfully resolved entitlement details
- Loaded All Assemblies, in  0.953 seconds
Refreshing native plugins compatible for Editor in 1.67 ms, found 3 plugins.
Native extension for Android target not found
Native extension for UWP target not found
Native extension for WindowsStandalone target not found
[Package Manager] Failed to launch server process. Reason: Unity was launched with the -noUpm command-line argument
[Package Manager] Unable to send message (not connected to server process).
[Package Manager] Cannot connect to Unity Package Manager local server
Mono: successfully reloaded assembly
- Finished resetting the current domain, in  1.043 seconds
Domain Reload Profiling: 1994ms
	BeginReloadAssembly (317ms)
		ExecutionOrderSort (0ms)
		DisableScriptedObjects (14ms)
		BackupInstance (0ms)
		ReleaseScriptingObjects (0ms)
		CreateAndSetChildDomain (87ms)
	RebuildCommonClasses (37ms)
	RebuildNativeTypeToScriptingClass (15ms)
	initialDomainReloadingComplete (32ms)
	LoadAllAssembliesAndSetupDomain (550ms)
		LoadAssemblies (440ms)
		RebuildTransferFunctionScriptingTraits (0ms)
		AnalyzeDomain (219ms)
			TypeCache.Refresh (6ms)
				TypeCache.ScanAssembly (0ms)
			BuildScriptInfoCaches (193ms)
			ResolveRequiredComponents (15ms)
	FinalizeReload (1043ms)
		ReleaseScriptCaches (0ms)
		RebuildScriptCaches (0ms)
		SetupLoadedEditorAssemblies (788ms)
			LogAssemblyErrors (0ms)
			InitializePlatformSupportModulesInManaged (42ms)
			SetLoadedEditorAssemblies (8ms)
			BeforeProcessingInitializeOnLoad (180ms)
			ProcessInitializeOnLoadAttributes (481ms)
			ProcessInitializeOnLoadMethodAttributes (70ms)
			AfterProcessingInitializeOnLoad (7ms)
			EditorAssembliesLoaded (0ms)
		ExecutionOrderSort2 (0ms)
		AwakeInstancesAfterBackupRestoration (24ms)
Refreshing native plugins compatible for Editor in 2.34 ms, found 3 plugins.
Preloading 0 native plugins for Editor in 0.00 ms.
Unloading 14 Unused Serialized files (Serialized files now loaded: 0)
Unloading 6122 unused Assets / (4.3 MB). Loaded Objects now: 6991.
Memory consumption went from 154.0 MB to 149.7 MB.
Total: 9.393700 ms (FindLiveObjects: 0.724800 ms CreateObjectMapping: 0.635800 ms MarkObjects: 5.339700 ms  DeleteObjects: 2.691200 ms)

Prepare: number of updated asset objects reloaded= 0
========================================================================
Received Prepare
Begin MonoManager ReloadAssembly
- Loaded All Assemblies, in  0.893 seconds
Refreshing native plugins compatible for Editor in 0.99 ms, found 3 plugins.
Native extension for Android target not found
Native extension for UWP target not found
Native extension for WindowsStandalone target not found
[Package Manager] Failed to launch server process. Reason: Unity was launched with the -noUpm command-line argument
[Package Manager] Unable to send message (not connected to server process).
[Package Manager] Cannot connect to Unity Package Manager local server
Mono: successfully reloaded assembly
- Finished resetting the current domain, in  1.025 seconds
Domain Reload Profiling: 1918ms
	BeginReloadAssembly (268ms)
		ExecutionOrderSort (0ms)
		DisableScriptedObjects (5ms)
		BackupInstance (0ms)
		ReleaseScriptingObjects (0ms)
		CreateAndSetChildDomain (44ms)
	RebuildCommonClasses (38ms)
	RebuildNativeTypeToScriptingClass (11ms)
	initialDomainReloadingComplete (30ms)
	LoadAllAssembliesAndSetupDomain (545ms)
		LoadAssemblies (470ms)
		RebuildTransferFunctionScriptingTraits (0ms)
		AnalyzeDomain (208ms)
			TypeCache.Refresh (8ms)
				TypeCache.ScanAssembly (0ms)
			BuildScriptInfoCaches (182ms)
			ResolveRequiredComponents (12ms)
	FinalizeReload (1025ms)
		ReleaseScriptCaches (0ms)
		RebuildScriptCaches (0ms)
		SetupLoadedEditorAssemblies (787ms)
			LogAssemblyErrors (0ms)
			InitializePlatformSupportModulesInManaged (35ms)
			SetLoadedEditorAssemblies (6ms)
			BeforeProcessingInitializeOnLoad (203ms)
			ProcessInitializeOnLoadAttributes (467ms)
			ProcessInitializeOnLoadMethodAttributes (66ms)
			AfterProcessingInitializeOnLoad (10ms)
			EditorAssembliesLoaded (0ms)
		ExecutionOrderSort2 (0ms)
		AwakeInstancesAfterBackupRestoration (22ms)
Refreshing native plugins compatible for Editor in 3.63 ms, found 3 plugins.
Preloading 0 native plugins for Editor in 0.00 ms.
Unloading 14 Unused Serialized files (Serialized files now loaded: 0)
Unloading 6122 unused Assets / (4.2 MB). Loaded Objects now: 6994.
Memory consumption went from 154.0 MB to 149.9 MB.
Total: 12.649100 ms (FindLiveObjects: 1.762000 ms CreateObjectMapping: 1.652700 ms MarkObjects: 6.610200 ms  DeleteObjects: 2.621800 ms)

Prepare: number of updated asset objects reloaded= 0
========================================================================
Received Prepare
Begin MonoManager ReloadAssembly
- Loaded All Assemblies, in  0.856 seconds
Refreshing native plugins compatible for Editor in 1.19 ms, found 3 plugins.
Native extension for Android target not found
Native extension for UWP target not found
Native extension for WindowsStandalone target not found
[Package Manager] Failed to launch server process. Reason: Unity was launched with the -noUpm command-line argument
[Package Manager] Unable to send message (not connected to server process).
[Package Manager] Cannot connect to Unity Package Manager local server
Mono: successfully reloaded assembly
- Finished resetting the current domain, in  1.087 seconds
Domain Reload Profiling: 1938ms
	BeginReloadAssembly (245ms)
		ExecutionOrderSort (0ms)
		DisableScriptedObjects (5ms)
		BackupInstance (0ms)
		ReleaseScriptingObjects (0ms)
		CreateAndSetChildDomain (54ms)
	RebuildCommonClasses (39ms)
	RebuildNativeTypeToScriptingClass (11ms)
	initialDomainReloadingComplete (33ms)
	LoadAllAssembliesAndSetupDomain (523ms)
		LoadAssemblies (440ms)
		RebuildTransferFunctionScriptingTraits (0ms)
		AnalyzeDomain (200ms)
			TypeCache.Refresh (9ms)
				TypeCache.ScanAssembly (0ms)
			BuildScriptInfoCaches (176ms)
			ResolveRequiredComponents (11ms)
	FinalizeReload (1087ms)
		ReleaseScriptCaches (0ms)
		RebuildScriptCaches (0ms)
		SetupLoadedEditorAssemblies (855ms)
			LogAssemblyErrors (0ms)
			InitializePlatformSupportModulesInManaged (38ms)
			SetLoadedEditorAssemblies (8ms)
			BeforeProcessingInitializeOnLoad (233ms)
			ProcessInitializeOnLoadAttributes (485ms)
			ProcessInitializeOnLoadMethodAttributes (82ms)
			AfterProcessingInitializeOnLoad (9ms)
			EditorAssembliesLoaded (0ms)
		ExecutionOrderSort2 (0ms)
		AwakeInstancesAfterBackupRestoration (28ms)
Refreshing native plugins compatible for Editor in 1.78 ms, found 3 plugins.
Preloading 0 native plugins for Editor in 0.00 ms.
Unloading 14 Unused Serialized files (Serialized files now loaded: 0)
Unloading 6122 unused Assets / (4.7 MB). Loaded Objects now: 6997.
Memory consumption went from 154.1 MB to 149.3 MB.
Total: 11.645100 ms (FindLiveObjects: 0.960400 ms CreateObjectMapping: 0.611200 ms MarkObjects: 7.038300 ms  DeleteObjects: 3.032900 ms)

Prepare: number of updated asset objects reloaded= 0
========================================================================
Received Prepare
Begin MonoManager ReloadAssembly
[Licensing::Client] Successfully resolved entitlement details
- Loaded All Assemblies, in  0.860 seconds
Refreshing native plugins compatible for Editor in 1.98 ms, found 3 plugins.
Native extension for Android target not found
Native extension for UWP target not found
Native extension for WindowsStandalone target not found
[Package Manager] Failed to launch server process. Reason: Unity was launched with the -noUpm command-line argument
[Package Manager] Unable to send message (not connected to server process).
[Package Manager] Cannot connect to Unity Package Manager local server
Mono: successfully reloaded assembly
- Finished resetting the current domain, in  1.031 seconds
Domain Reload Profiling: 1885ms
	BeginReloadAssembly (256ms)
		ExecutionOrderSort (0ms)
		DisableScriptedObjects (5ms)
		BackupInstance (0ms)
		ReleaseScriptingObjects (0ms)
		CreateAndSetChildDomain (58ms)
	RebuildCommonClasses (34ms)
	RebuildNativeTypeToScriptingClass (11ms)
	initialDomainReloadingComplete (36ms)
	LoadAllAssembliesAndSetupDomain (516ms)
		LoadAssemblies (422ms)
		RebuildTransferFunctionScriptingTraits (0ms)
		AnalyzeDomain (204ms)
			TypeCache.Refresh (10ms)
				TypeCache.ScanAssembly (0ms)
			BuildScriptInfoCaches (174ms)
			ResolveRequiredComponents (15ms)
	FinalizeReload (1032ms)
		ReleaseScriptCaches (0ms)
		RebuildScriptCaches (0ms)
		SetupLoadedEditorAssemblies (809ms)
			LogAssemblyErrors (0ms)
			InitializePlatformSupportModulesInManaged (36ms)
			SetLoadedEditorAssemblies (7ms)
			BeforeProcessingInitializeOnLoad (211ms)
			ProcessInitializeOnLoadAttributes (471ms)
			ProcessInitializeOnLoadMethodAttributes (75ms)
			AfterProcessingInitializeOnLoad (8ms)
			EditorAssembliesLoaded (0ms)
		ExecutionOrderSort2 (0ms)
		AwakeInstancesAfterBackupRestoration (25ms)
Refreshing native plugins compatible for Editor in 1.54 ms, found 3 plugins.
Preloading 0 native plugins for Editor in 0.00 ms.
Unloading 14 Unused Serialized files (Serialized files now loaded: 0)
Unloading 6122 unused Assets / (5.4 MB). Loaded Objects now: 7000.
Memory consumption went from 154.1 MB to 148.7 MB.
Total: 12.078200 ms (FindLiveObjects: 1.444200 ms CreateObjectMapping: 0.690000 ms MarkObjects: 6.103400 ms  DeleteObjects: 3.837600 ms)

Prepare: number of updated asset objects reloaded= 0
========================================================================
Received Prepare
Begin MonoManager ReloadAssembly
- Loaded All Assemblies, in  0.855 seconds
Refreshing native plugins compatible for Editor in 1.00 ms, found 3 plugins.
Native extension for Android target not found
Native extension for UWP target not found
Native extension for WindowsStandalone target not found
[Package Manager] Failed to launch server process. Reason: Unity was launched with the -noUpm command-line argument
[Package Manager] Unable to send message (not connected to server process).
[Package Manager] Cannot connect to Unity Package Manager local server
Mono: successfully reloaded assembly
- Finished resetting the current domain, in  1.055 seconds
Domain Reload Profiling: 1907ms
	BeginReloadAssembly (236ms)
		ExecutionOrderSort (0ms)
		DisableScriptedObjects (5ms)
		BackupInstance (0ms)
		ReleaseScriptingObjects (0ms)
		CreateAndSetChildDomain (46ms)
	RebuildCommonClasses (40ms)
	RebuildNativeTypeToScriptingClass (11ms)
	initialDomainReloadingComplete (34ms)
	LoadAllAssembliesAndSetupDomain (530ms)
		LoadAssemblies (425ms)
		RebuildTransferFunctionScriptingTraits (0ms)
		AnalyzeDomain (207ms)
			TypeCache.Refresh (6ms)
				TypeCache.ScanAssembly (0ms)
			BuildScriptInfoCaches (181ms)
			ResolveRequiredComponents (14ms)
	FinalizeReload (1056ms)
		ReleaseScriptCaches (0ms)
		RebuildScriptCaches (0ms)
		SetupLoadedEditorAssemblies (770ms)
			LogAssemblyErrors (0ms)
			InitializePlatformSupportModulesInManaged (39ms)
			SetLoadedEditorAssemblies (6ms)
			BeforeProcessingInitializeOnLoad (190ms)
			ProcessInitializeOnLoadAttributes (454ms)
			ProcessInitializeOnLoadMethodAttributes (70ms)
			AfterProcessingInitializeOnLoad (10ms)
			EditorAssembliesLoaded (1ms)
		ExecutionOrderSort2 (0ms)
		AwakeInstancesAfterBackupRestoration (25ms)
Refreshing native plugins compatible for Editor in 2.98 ms, found 3 plugins.
Preloading 0 native plugins for Editor in 0.00 ms.
Unloading 14 Unused Serialized files (Serialized files now loaded: 0)
Unloading 6122 unused Assets / (4.2 MB). Loaded Objects now: 7003.
Memory consumption went from 154.1 MB to 149.9 MB.
Total: 13.123200 ms (FindLiveObjects: 1.410900 ms CreateObjectMapping: 0.546300 ms MarkObjects: 8.564700 ms  DeleteObjects: 2.598900 ms)

Prepare: number of updated asset objects reloaded= 0
========================================================================
Received Prepare
Begin MonoManager ReloadAssembly
- Loaded All Assemblies, in  0.869 seconds
Refreshing native plugins compatible for Editor in 0.93 ms, found 3 plugins.
Native extension for Android target not found
Native extension for UWP target not found
Native extension for WindowsStandalone target not found
[Package Manager] Failed to launch server process. Reason: Unity was launched with the -noUpm command-line argument
[Package Manager] Unable to send message (not connected to server process).
[Package Manager] Cannot connect to Unity Package Manager local server
Mono: successfully reloaded assembly
- Finished resetting the current domain, in  1.038 seconds
Domain Reload Profiling: 1897ms
	BeginReloadAssembly (226ms)
		ExecutionOrderSort (0ms)
		DisableScriptedObjects (8ms)
		BackupInstance (0ms)
		ReleaseScriptingObjects (0ms)
		CreateAndSetChildDomain (44ms)
	RebuildCommonClasses (35ms)
	RebuildNativeTypeToScriptingClass (12ms)
	initialDomainReloadingComplete (43ms)
	LoadAllAssembliesAndSetupDomain (543ms)
		LoadAssemblies (456ms)
		RebuildTransferFunctionScriptingTraits (0ms)
		AnalyzeDomain (195ms)
			TypeCache.Refresh (6ms)
				TypeCache.ScanAssembly (0ms)
			BuildScriptInfoCaches (175ms)
			ResolveRequiredComponents (10ms)
	FinalizeReload (1038ms)
		ReleaseScriptCaches (0ms)
		RebuildScriptCaches (0ms)
		SetupLoadedEditorAssemblies (795ms)
			LogAssemblyErrors (0ms)
			InitializePlatformSupportModulesInManaged (37ms)
			SetLoadedEditorAssemblies (10ms)
			BeforeProcessingInitializeOnLoad (194ms)
			ProcessInitializeOnLoadAttributes (472ms)
			ProcessInitializeOnLoadMethodAttributes (73ms)
			AfterProcessingInitializeOnLoad (8ms)
			EditorAssembliesLoaded (0ms)
		ExecutionOrderSort2 (0ms)
		AwakeInstancesAfterBackupRestoration (21ms)
Refreshing native plugins compatible for Editor in 2.03 ms, found 3 plugins.
Preloading 0 native plugins for Editor in 0.00 ms.
Unloading 14 Unused Serialized files (Serialized files now loaded: 0)
Unloading 6122 unused Assets / (4.8 MB). Loaded Objects now: 7006.
Memory consumption went from 154.2 MB to 149.4 MB.
Total: 9.955900 ms (FindLiveObjects: 0.884700 ms CreateObjectMapping: 0.638600 ms MarkObjects: 4.950000 ms  DeleteObjects: 3.480100 ms)

Prepare: number of updated asset objects reloaded= 0
========================================================================
Received Prepare
Begin MonoManager ReloadAssembly
[Licensing::Client] Successfully resolved entitlement details
- Loaded All Assemblies, in  0.885 seconds
Refreshing native plugins compatible for Editor in 0.95 ms, found 3 plugins.
Native extension for Android target not found
Native extension for UWP target not found
Native extension for WindowsStandalone target not found
[Package Manager] Failed to launch server process. Reason: Unity was launched with the -noUpm command-line argument
[Package Manager] Unable to send message (not connected to server process).
[Package Manager] Cannot connect to Unity Package Manager local server
Mono: successfully reloaded assembly
- Finished resetting the current domain, in  1.007 seconds
Domain Reload Profiling: 1892ms
	BeginReloadAssembly (249ms)
		ExecutionOrderSort (0ms)
		DisableScriptedObjects (5ms)
		BackupInstance (0ms)
		ReleaseScriptingObjects (0ms)
		CreateAndSetChildDomain (44ms)
	RebuildCommonClasses (46ms)
	RebuildNativeTypeToScriptingClass (16ms)
	initialDomainReloadingComplete (40ms)
	LoadAllAssembliesAndSetupDomain (533ms)
		LoadAssemblies (450ms)
		RebuildTransferFunctionScriptingTraits (0ms)
		AnalyzeDomain (206ms)
			TypeCache.Refresh (10ms)
				TypeCache.ScanAssembly (0ms)
			BuildScriptInfoCaches (184ms)
			ResolveRequiredComponents (9ms)
	FinalizeReload (1008ms)
		ReleaseScriptCaches (0ms)
		RebuildScriptCaches (0ms)
		SetupLoadedEditorAssemblies (788ms)
			LogAssemblyErrors (0ms)
			InitializePlatformSupportModulesInManaged (33ms)
			SetLoadedEditorAssemblies (10ms)
			BeforeProcessingInitializeOnLoad (204ms)
			ProcessInitializeOnLoadAttributes (463ms)
			ProcessInitializeOnLoadMethodAttributes (65ms)
			AfterProcessingInitializeOnLoad (12ms)
			EditorAssembliesLoaded (0ms)
		ExecutionOrderSort2 (0ms)
		AwakeInstancesAfterBackupRestoration (23ms)
Refreshing native plugins compatible for Editor in 1.77 ms, found 3 plugins.
Preloading 0 native plugins for Editor in 0.00 ms.
Unloading 14 Unused Serialized files (Serialized files now loaded: 0)
Unloading 6122 unused Assets / (4.7 MB). Loaded Objects now: 7009.
Memory consumption went from 154.2 MB to 149.5 MB.
Total: 13.657400 ms (FindLiveObjects: 1.535900 ms CreateObjectMapping: 1.476900 ms MarkObjects: 8.011600 ms  DeleteObjects: 2.630400 ms)

Prepare: number of updated asset objects reloaded= 0
========================================================================
Received Import Request.
  Time since last request: 3316.689101 seconds.
  path: Assets/BodyGuards/Meshes/Materials/Boduguard_01_D.mat
  artifactKey: Guid(27ec51287c78bfb479fe3729111634a4) Importer(2089858483,192608db42251d675da83286b1cce702)
Start importing Assets/BodyGuards/Meshes/Materials/Boduguard_01_D.mat using Guid(27ec51287c78bfb479fe3729111634a4) Importer(2089858483,192608db42251d675da83286b1cce702) (ScriptedImporter) -> (artifact id: 'a0fc548489e03dedf537735a99632fb1') in 0.3683098 seconds
Number of updated asset objects reloaded before import = 0Number of asset objects unloaded after import = 5

========================================================================
Received Import Request.
  Time since last request: 0.000027 seconds.
  path: Assets/Scenes/SampleScene.unity
  artifactKey: Guid(99c9720ab356a0642a771bea13969a05) Importer(2089858483,192608db42251d675da83286b1cce702)
Start importing Assets/Scenes/SampleScene.unity using Guid(99c9720ab356a0642a771bea13969a05) Importer(2089858483,192608db42251d675da83286b1cce702) (ScriptedImporter) -> (artifact id: '6f3d452e0829686d805fd912190834a5') in 0.0120921 seconds
Number of updated asset objects reloaded before import = 0Number of asset objects unloaded after import = 1

========================================================================
Received Prepare
Refreshing native plugins compatible for Editor in 1.27 ms, found 3 plugins.
Preloading 0 native plugins for Editor in 0.00 ms.
Unloading 14 Unused Serialized files (Serialized files now loaded: 0)
Unloading 6118 unused Assets / (4.8 MB). Loaded Objects now: 7010.
Memory consumption went from 154.5 MB to 149.7 MB.
Total: 11.047700 ms (FindLiveObjects: 0.923400 ms CreateObjectMapping: 0.823200 ms MarkObjects: 6.041500 ms  DeleteObjects: 3.258000 ms)

Prepare: number of updated asset objects reloaded= 0
========================================================================
Received Import Request.
  Time since last request: 22.067384 seconds.
  path: Assets/scripts/PlayerMovement.cs
  artifactKey: Guid(e7d81424a6664064bbfca459d4f5cfff) Importer(815301076,1909f56bfc062723c751e8b465ee728b)
Start importing Assets/scripts/PlayerMovement.cs using Guid(e7d81424a6664064bbfca459d4f5cfff) Importer(815301076,1909f56bfc062723c751e8b465ee728b) (PreviewImporter) -> (artifact id: '9204e0e292dc51a87cd641a05df40ef4') in 0.0073451 seconds
Number of updated asset objects reloaded before import = 0Number of asset objects unloaded after import = 0

========================================================================
Received Prepare
Refreshing native plugins compatible for Editor in 2.87 ms, found 3 plugins.
Preloading 0 native plugins for Editor in 0.00 ms.
Unloading 14 Unused Serialized files (Serialized files now loaded: 0)
Unloading 6117 unused Assets / (5.8 MB). Loaded Objects now: 7010.
Memory consumption went from 154.5 MB to 148.7 MB.
Total: 25.003600 ms (FindLiveObjects: 1.534700 ms CreateObjectMapping: 1.222300 ms MarkObjects: 17.116200 ms  DeleteObjects: 5.126800 ms)

Prepare: number of updated asset objects reloaded= 0
========================================================================
Received Import Request.
  Time since last request: 43.634139 seconds.
  path: Assets/scripts/PlayerMovement.cs
  artifactKey: Guid(e7d81424a6664064bbfca459d4f5cfff) Importer(815301076,1909f56bfc062723c751e8b465ee728b)
Start importing Assets/scripts/PlayerMovement.cs using Guid(e7d81424a6664064bbfca459d4f5cfff) Importer(815301076,1909f56bfc062723c751e8b465ee728b) (PreviewImporter) -> (artifact id: 'f7534d8b9af6731462858259f71450bb') in 0.0050221 seconds
Number of updated asset objects reloaded before import = 0Number of asset objects unloaded after import = 0

========================================================================
Received Prepare
Begin MonoManager ReloadAssembly
[Licensing::Client] Successfully resolved entitlement details
- Loaded All Assemblies, in  1.091 seconds
Refreshing native plugins compatible for Editor in 1.05 ms, found 3 plugins.
Native extension for Android target not found
Native extension for UWP target not found
Native extension for WindowsStandalone target not found
[Package Manager] Failed to launch server process. Reason: Unity was launched with the -noUpm command-line argument
[Package Manager] Unable to send message (not connected to server process).
[Package Manager] Cannot connect to Unity Package Manager local server
Mono: successfully reloaded assembly
- Finished resetting the current domain, in  1.001 seconds
Domain Reload Profiling: 2091ms
	BeginReloadAssembly (390ms)
		ExecutionOrderSort (0ms)
		DisableScriptedObjects (42ms)
		BackupInstance (0ms)
		ReleaseScriptingObjects (0ms)
		CreateAndSetChildDomain (112ms)
	RebuildCommonClasses (43ms)
	RebuildNativeTypeToScriptingClass (11ms)
	initialDomainReloadingComplete (33ms)
	LoadAllAssembliesAndSetupDomain (611ms)
		LoadAssemblies (516ms)
		RebuildTransferFunctionScriptingTraits (0ms)
		AnalyzeDomain (232ms)
			TypeCache.Refresh (23ms)
				TypeCache.ScanAssembly (0ms)
			BuildScriptInfoCaches (191ms)
			ResolveRequiredComponents (12ms)
	FinalizeReload (1001ms)
		ReleaseScriptCaches (0ms)
		RebuildScriptCaches (0ms)
		SetupLoadedEditorAssemblies (790ms)
			LogAssemblyErrors (0ms)
			InitializePlatformSupportModulesInManaged (53ms)
			SetLoadedEditorAssemblies (10ms)
			BeforeProcessingInitializeOnLoad (209ms)
			ProcessInitializeOnLoadAttributes (442ms)
			ProcessInitializeOnLoadMethodAttributes (68ms)
			AfterProcessingInitializeOnLoad (9ms)
			EditorAssembliesLoaded (1ms)
		ExecutionOrderSort2 (0ms)
		AwakeInstancesAfterBackupRestoration (19ms)
Refreshing native plugins compatible for Editor in 1.30 ms, found 3 plugins.
Preloading 0 native plugins for Editor in 0.00 ms.
Unloading 14 Unused Serialized files (Serialized files now loaded: 0)
Unloading 6123 unused Assets / (4.6 MB). Loaded Objects now: 7013.
Memory consumption went from 154.3 MB to 149.7 MB.
Total: 10.209500 ms (FindLiveObjects: 0.795800 ms CreateObjectMapping: 1.261400 ms MarkObjects: 5.016700 ms  DeleteObjects: 3.133500 ms)

Prepare: number of updated asset objects reloaded= 0
========================================================================
Received Import Request.
  Time since last request: 27.421040 seconds.
  path: Assets/scripts/PlayerMovement.cs
  artifactKey: Guid(e7d81424a6664064bbfca459d4f5cfff) Importer(815301076,1909f56bfc062723c751e8b465ee728b)
Start importing Assets/scripts/PlayerMovement.cs using Guid(e7d81424a6664064bbfca459d4f5cfff) Importer(815301076,1909f56bfc062723c751e8b465ee728b) (PreviewImporter) -> (artifact id: '54a538932fd399480e667ca01469c505') in 0.0068366 seconds
Number of updated asset objects reloaded before import = 0Number of asset objects unloaded after import = 0

========================================================================
Received Prepare
Begin MonoManager ReloadAssembly
[Licensing::Client] Successfully resolved entitlement details
- Loaded All Assemblies, in  1.015 seconds
Refreshing native plugins compatible for Editor in 0.99 ms, found 3 plugins.
Native extension for Android target not found
Native extension for UWP target not found
Native extension for WindowsStandalone target not found
[Package Manager] Failed to launch server process. Reason: Unity was launched with the -noUpm command-line argument
[Package Manager] Unable to send message (not connected to server process).
[Package Manager] Cannot connect to Unity Package Manager local server
Mono: successfully reloaded assembly
- Finished resetting the current domain, in  1.131 seconds
Domain Reload Profiling: 2145ms
	BeginReloadAssembly (310ms)
		ExecutionOrderSort (0ms)
		DisableScriptedObjects (8ms)
		BackupInstance (0ms)
		ReleaseScriptingObjects (0ms)
		CreateAndSetChildDomain (96ms)
	RebuildCommonClasses (38ms)
	RebuildNativeTypeToScriptingClass (13ms)
	initialDomainReloadingComplete (49ms)
	LoadAllAssembliesAndSetupDomain (602ms)
		LoadAssemblies (501ms)
		RebuildTransferFunctionScriptingTraits (0ms)
		AnalyzeDomain (220ms)
			TypeCache.Refresh (10ms)
				TypeCache.ScanAssembly (0ms)
			BuildScriptInfoCaches (184ms)
			ResolveRequiredComponents (20ms)
	FinalizeReload (1132ms)
		ReleaseScriptCaches (0ms)
		RebuildScriptCaches (0ms)
		SetupLoadedEditorAssemblies (879ms)
			LogAssemblyErrors (0ms)
			InitializePlatformSupportModulesInManaged (33ms)
			SetLoadedEditorAssemblies (8ms)
			BeforeProcessingInitializeOnLoad (239ms)
			ProcessInitializeOnLoadAttributes (516ms)
			ProcessInitializeOnLoadMethodAttributes (70ms)
			AfterProcessingInitializeOnLoad (12ms)
			EditorAssembliesLoaded (1ms)
		ExecutionOrderSort2 (0ms)
		AwakeInstancesAfterBackupRestoration (20ms)
Refreshing native plugins compatible for Editor in 1.25 ms, found 3 plugins.
Preloading 0 native plugins for Editor in 0.00 ms.
Unloading 14 Unused Serialized files (Serialized files now loaded: 0)
Unloading 6123 unused Assets / (6.2 MB). Loaded Objects now: 7016.
Memory consumption went from 154.3 MB to 148.2 MB.
Total: 14.605000 ms (FindLiveObjects: 1.167200 ms CreateObjectMapping: 1.327400 ms MarkObjects: 6.995100 ms  DeleteObjects: 5.112500 ms)

Prepare: number of updated asset objects reloaded= 0
